t_s,p_ref_eff_pu,delta_pref_eff_pu,p_ref_pu,omega_pll_pu,Kω
0.0,0.877672595368304,1.0685896612017132e-12,0.8776725953672354,0.9999999999999695,35.0
0.01,0.877672595368304,1.0685896612017132e-12,0.8776725953672354,0.9999999999999694,35.0
0.02,0.877672595368304,1.0685896612017132e-12,0.8776725953672354,0.9999999999999694,35.0
0.03,0.877672595368304,1.0685896612017132e-12,0.8776725953672354,0.9999999999999694,35.0
0.04,0.877672595368304,1.0685896612017132e-12,0.8776725953672354,0.9999999999999696,35.0
0.05,0.877672595368304,1.0685896612017132e-12,0.8776725953672354,0.9999999999999695,35.0
0.06,0.877672595368304,1.0685896612017132e-12,0.8776725953672354,0.9999999999999695,35.0
0.07,0.877672595368304,1.0685896612017132e-12,0.8776725953672354,0.9999999999999695,35.0
0.08,0.877672595368304,1.0685896612017132e-12,0.8776725953672354,0.9999999999999695,35.0
0.09,0.877672595368304,1.0685896612017132e-12,0.8776725953672354,0.9999999999999695,35.0
0.1,0.877672595368304,1.0685896612017132e-12,0.8776725953672354,0.9999999999999695,35.0
0.11,0.8776725953683063,1.0709211295534264e-12,0.8776725953672354,0.9999999999999694,35.0
0.12,0.877672595368304,1.0685896612017132e-12,0.8776725953672354,0.9999999999999695,35.0
0.13,0.877672595368304,1.0685896612017132e-12,0.8776725953672354,0.9999999999999695,35.0
0.14,0.8776725953683056,1.070143973436188e-12,0.8776725953672354,0.9999999999999694,35.0
0.15,0.877672595368304,1.0685896612017132e-12,0.8776725953672354,0.9999999999999695,35.0
0.16,0.877672595368304,1.0685896612017132e-12,0.8776725953672354,0.9999999999999695,35.0
0.17,0.877672595368304,1.0685896612017132e-12,0.8776725953672354,0.9999999999999695,35.0
0.18,0.877672595368304,1.0685896612017132e-12,0.8776725953672354,0.9999999999999695,35.0
0.19,0.877672595368304,1.0685896612017132e-12,0.8776725953672354,0.9999999999999695,35.0
0.2,0.877672595368304,1.0685896612017132e-12,0.8776725953672354,0.9999999999999695,35.0
0.21,0.8192784581686043,-0.05839413719863116,0.8776725953672354,1.0016684039199608,35.0
0.22,0.7642913186386164,-0.11338127672861896,0.8776725953672354,1.003239465049389,35.0
0.23,0.7092393744642107,-0.16843322090302476,0.8776725953672354,1.0048123777400866,35.0
0.24,0.6617477038525825,-0.21592489151465283,0.8776725953672354,1.0061692826147044,35.0
0.25,0.6228526955411294,-0.25481989982610603,0.8776725953672354,1.0072805685664603,35.0
0.26,0.5943987461954988,-0.2832738491717366,0.8776725953672354,1.0080935385477638,35.0
0.27,0.5748906670717303,-0.3027819282955051,0.8776725953672354,1.0086509122370144,35.0
0.28,0.5632374269664072,-0.3144351684008282,0.8776725953672354,1.0089838619543094,35.0
0.29,0.5578834731579494,-0.319789122209286,0.8776725953672354,1.0091368320631224,35.0
0.3,0.5572954317527339,-0.3203771636145014,0.8776725953672354,1.0091536332461286,35.0
0.31,0.7084429508627579,-0.16922964450447764,0.8776725953672354,1.004835132700128,35.0
0.32,0.859475894190954,-0.01819670117628134,0.8776725953672354,1.0005199057478937,35.0
0.33,0.9849865811575123,0.10731398579027687,0.8776725953672354,0.9969338861202778,35.0
0.34,1.081978941929235,0.2043063465619996,0.8776725953672354,0.9941626758125144,35.0
0.35,1.1580429419567442,0.2803703465895088,0.8776725953672354,0.9919894186688711,35.0
0.36,1.2151264461104565,0.33745385074322104,0.8776725953672354,0.9903584614073365,35.0
0.37,1.2558475699524183,0.3781749745851828,0.8776725953672354,0.9891950007261376,35.0
0.38,1.2814930412247647,0.40382044585752924,0.8776725953672354,0.9884622729754993,35.0
0.39,1.2932348228277648,0.4155622274605294,0.8776725953672354,0.9881267935011278,35.0
0.4,1.2921615340572514,0.4144889386900161,0.8776725953672354,0.988157458894571,35.0
0.41,1.2796193799069404,0.4019467845397049,0.8776725953672354,0.9885158061560084,35.0
0.42,1.2571368797157034,0.3794642843484681,0.8776725953672354,0.9891581633043295,35.0
0.43,1.2264371647281698,0.34876456936093425,0.8776725953672354,0.990035298018259,35.0
0.44,1.1893890300822758,0.31171643471504035,0.8776725953672354,0.9910938161509989,35.0
0.45,1.1479366812819989,0.27026408591476364,0.8776725953672354,0.9922781689738639,35.0
0.46,1.1040286414641227,0.22635604609688736,0.8776725953672354,0.9935326843972319,35.0
0.47,1.0595314579011454,0.18185886253391,0.8776725953672354,0.9948040324990312,35.0
0.48,1.0161552773613236,0.13848268199408822,0.8776725953672354,0.9960433519430261,35.0
0.49,0.9753891160803791,0.09771652071314374,0.8776725953672354,0.9972080994081959,35.0
0.5,0.9384515841870905,0.06077898881985514,0.8776725953672354,0.99826345746229,35.0
0.51,0.9062596098861543,0.02858701451891893,0.8776725953672354,0.9991832281566023,35.0
0.52,0.8794168182324973,0.0017442228652618378,0.8776725953672354,0.9999501650609924,35.0
0.53,0.8582197315311801,-0.019452863836055302,0.8776725953672354,1.0005557961096017,35.0
0.54,0.8426824754735072,-0.03499011989372827,0.8776725953672354,1.0009997177112493,35.0
0.55,0.8325736236918673,-0.04509897167536812,0.8776725953672354,1.0012885420478677,35.0
0.56,0.827463059656735,-0.05020953571050054,0.8776725953672354,1.0014345581631572,35.0
0.57,0.8267723019534204,-0.05090029341381499,0.8776725953672354,1.0014542940975375,35.0
0.58,0.8298267072887598,-0.047845888078475576,0.8776725953672354,1.0013670253736708,35.0
0.59,0.8359030573191887,-0.04176953804804666,0.8776725953672354,1.0011934153728013,35.0
0.6,0.8442712119657129,-0.033401383401522496,0.8776725953672354,1.0009543252400435,35.0
0.61,0.8542265486792173,-0.023446046688018064,0.8776725953672354,1.0006698870482291,35.0
0.62,0.8651182108901624,-0.012554384477073062,0.8776725953672354,1.000358696699345,35.0
0.63,0.8763649893304706,-0.001307606036764827,0.8776725953672354,1.000037360172479,35.0
0.64,0.8874669273267294,0.009794331959493934,0.8776725953672354,0.9997201619440145,35.0
0.65,0.8980122453091542,0.020339649941918798,0.8776725953672354,0.9994188671445166,35.0
0.66,0.9076760998468645,0.030003504479629066,0.8776725953672354,0.9991427570148677,35.0
0.67,0.9162194117245944,0.038546816357359105,0.8776725953672354,0.9988986623897897,35.0
0.68,0.9234832464868026,0.04581065111956718,0.8776725953672354,0.9986911242537266,35.0
0.69,0.9293819511050717,0.0517093557378363,0.8776725953672354,0.9985225898360618,35.0
0.7,0.9338944230251356,0.056221827657900215,0.8776725953672354,0.9983936620669172,35.0
0.71,0.9370551782006228,0.05938258283338734,0.8776725953672354,0.9983033547761889,35.0
0.72,0.938944750624408,0.061272155257172556,0.8776725953672354,0.9982493669926522,35.0
0.73,0.9396798400712144,0.062007244703979,0.8776725953672354,0.9982283644370291,35.0
0.74,0.939403967947984,0.06173137258074856,0.8776725953672354,0.9982362464976929,35.0
0.75,0.9382782182583569,0.06060562289112151,0.8776725953672354,0.9982684107745394,35.0
0.76,0.9364728026961971,0.05880020732896177,0.8776725953672354,0.9983199940763153,35.0
0.77,0.9341597176384325,0.05648712227119716,0.8776725953672354,0.9983860822208229,35.0
0.78,0.9315055056320518,0.05383291026481642,0.8776725953672354,0.9984619168495767,35.0
0.79,0.9286660916782339,0.05099349631099853,0.8776725953672354,0.9985430429625429,35.0
0.8,0.9257820735576443,0.0481094781904089,0.8776725953672354,0.998625443480274,35.0
0.81,0.9229757338887388,0.045303138521503375,0.8776725953672354,0.9987056246136713,35.0
0.82,0.9203485200629727,0.04267592469573732,0.8776725953672354,0.9987806878658362,35.0
0.83,0.9179801772237263,0.040307581856490866,0.8776725953672354,0.9988483548041003,35.0
0.84,0.9159288100888339,0.038256214721598465,0.8776725953672354,0.9989069652936686,35.0
0.85,0.9142314717113552,0.03655887634411974,0.8776725953672354,0.9989554606758823,35.0
0.86,0.9129058133221384,0.03523321795490296,0.8776725953672354,0.9989933366298599,35.0
0.87,0.9119521435274651,0.03427954816022975,0.8776725953672354,0.9990205843382791,35.0
0.88,0.9113558781963562,0.033683282829120795,0.8776725953672354,0.9990376204905966,35.0
0.89,0.9110902802122323,0.033417684844996874,0.8776725953672354,0.9990452090044287,35.0
0.9,0.9111192364932198,0.03344664112598446,0.8776725953672354,0.9990443816821147,35.0
0.91,0.9114000357614835,0.03372744039424806,0.8776725953672354,0.9990363588458786,35.0
0.92,0.9118859757892163,0.03421338042198087,0.8776725953672354,0.9990224748450862,35.0
0.93,0.9125287699361431,0.03485617456890773,0.8776725953672354,0.9990041092980313,35.0
0.94,0.9132805773697759,0.035607982002540464,0.8776725953672354,0.9989826290856417,35.0
0.95,0.9140958796390656,0.036423284271830204,0.8776725953672354,0.9989593347350906,35.0
0.96,0.91493279455821,0.03726019919097452,0.8776725953672354,0.9989354228802578,35.0
0.97,0.9157542190924757,0.038081623725240335,0.8776725953672354,0.9989119536078502,35.0
0.98,0.916528548415476,0.03885595304824062,0.8776725953672354,0.9988898299129074,35.0
0.99,0.9172300281057506,0.039557432738515204,0.8776725953672354,0.9988697876360425,35.0
1.0,0.9178389471709314,0.04016635180369596,0.8776725953672354,0.9988523899484658,35.0
1.01,0.9183414941146424,0.04066889874740695,0.8776725953672354,0.9988380314643598,35.0
1.02,0.9187294399097711,0.041056844542535754,0.8776725953672354,0.9988269472987846,35.0
1.03,0.9189996594408999,0.041327064073664495,0.8776725953672354,0.9988192267407525,35.0
1.04,0.9191535209762635,0.04148092560902806,0.8776725953672354,0.9988148306968849,35.0
1.05,0.919196195607368,0.041523600240132554,0.8776725953672354,0.9988136114217104,35.0
1.06,0.9191359437980927,0.04146334843085732,0.8776725953672354,0.9988153329019755,35.0
1.07,0.9189833664354177,0.041310771068182234,0.8776725953672354,0.9988196922551948,35.0
1.08,0.9187507049642819,0.04107810959704654,0.8776725953672354,0.9988263397257987,35.0
1.09,0.9184511552817074,0.04077855991447197,0.8776725953672354,0.9988348982881579,35.0
1.1,0.9180982477847938,0.040425652417558335,0.8776725953672354,0.9988449813594983,35.0
1.11,0.9177053453832859,0.04003275001605052,0.8776725953672354,0.9988562071423986,35.0
1.12,0.9172851753481144,0.03961257998087894,0.8776725953672354,0.9988682120005464,35.0
1.13,0.9168494762422122,0.039176880874976804,0.8776725953672354,0.9988806605464293,35.0
1.14,0.9164087317705771,0.03873613640334163,0.8776725953672354,0.9988932532456188,35.0
1.15,0.9159719951744423,0.03829939980720686,0.8776725953672354,0.9989057314340798,35.0
1.16,0.9155467924688798,0.03787419710164444,0.8776725953672354,0.9989178800828102,35.0
1.17,0.9151390933077312,0.03746649794049587,0.8776725953672354,0.9989295286302715,35.0
1.18,0.914753356808833,0.03708076144159754,0.8776725953672354,0.9989405496730973,35.0
1.19,0.914392618089217,0.03672002272198164,0.8776725953672354,0.9989508564936577,35.0
1.2,0.9140586206244327,0.03638602525719724,0.8776725953672354,0.9989603992783659,35.0
1.21,0.9137519734399626,0.036079378072727146,0.8776725953672354,0.9989691606264935,35.0
1.22,0.9134723360568758,0.035799740689640334,0.8776725953672354,0.9989771502660103,35.0
1.23,0.9132186000972448,0.03554600473000936,0.8776725953672354,0.9989843998648569,35.0
1.24,0.9129890750183446,0.035316479651109185,0.8776725953672354,0.9989909577242541,35.0
1.25,0.9127816665876219,0.03510907122038649,0.8776725953672354,0.9989968836794175,35.0
1.26,0.912594041521194,0.03492144615395857,0.8776725953672354,0.9990022443956011,35.0
1.27,0.9124237720008589,0.034751176633623496,0.8776725953672354,0.9990071092390393,35.0
1.28,0.9122684577804392,0.03459586241320369,0.8776725953672354,0.9990115467881943,35.0
1.29,0.9121258288082141,0.03445323344097875,0.8776725953672354,0.9990156219016864,35.0
1.3,0.9119938212369998,0.0343212258697644,0.8776725953672354,0.9990193935465782,35.0
1.31,0.911870628946906,0.034198033579670536,0.8776725953672354,0.9990229133262951,35.0
1.32,0.9117547351411297,0.03408213977389426,0.8776725953672354,0.9990262245778887,35.0
1.33,0.9116449265917641,0.03397233122452861,0.8776725953672354,0.9990293619650135,35.0
1.34,0.9115402852786715,0.03386768991143607,0.8776725953672354,0.999032351716816,35.0
1.35,0.9114401718671135,0.03376757649987808,0.8776725953672354,0.9990352121000035,35.0
1.36,0.9113441915542722,0.03367159618703674,0.8776725953672354,0.9990379543946561,35.0
1.37,0.9112521595314839,0.033579564164248364,0.8776725953672354,0.9990405838810215,35.0
1.38,0.9111640555148899,0.03349146014765448,0.8776725953672354,0.9990431011386385,35.0
1.39,0.9110799793877232,0.03340738402048781,0.8776725953672354,0.9990455033137003,35.0
1.4,0.9110001049219909,0.033327509554755504,0.8776725953672354,0.9990477854412927,35.0
1.41,0.9109246374592767,0.033252042092041224,0.8776725953672354,0.9990499416545131,35.0
1.42,0.9108537748088777,0.033181179441642325,0.8776725953672354,0.9990519663016674,35.0
1.43,0.9107876731550113,0.033115077787775934,0.8776725953672354,0.9990538549203493,35.0
1.44,0.9107264185554156,0.033053823188180134,0.8776725953672354,0.9990556050517663,35.0
1.45,0.9106700061521696,0.032997410784934185,0.8776725953672354,0.9990572168347163,35.0
1.46,0.9106183254471629,0.03294573007992744,0.8776725953672354,0.9990586934262878,35.0
1.47,0.9105711518506263,0.0328985564833909,0.8776725953672354,0.9990600412433317,35.0
1.48,0.9105281439543662,0.03285554858713071,0.8776725953672354,0.9990612700403677,35.0
1.49,0.910488847715796,0.032816252348560455,0.8776725953672354,0.9990623927900412,35.0
1.5,0.9104527031612871,0.032780107794051654,0.8776725953672354,0.9990634254915985,35.0
1.51,0.9104190591322789,0.03274646376504351,0.8776725953672354,0.9990643867495702,35.0
1.52,0.9103871840174699,0.03271458865023444,0.8776725953672354,0.9990652974671361,35.0
1.53,0.9103562863665527,0.032683690999317394,0.8776725953672354,0.9990661802571624,35.0
1.54,0.9103255309512672,0.03265293558403174,0.8776725953672354,0.9990670589833134,35.0
1.55,0.9102940579945947,0.032621462627359314,0.8776725953672354,0.9990679582106469,35.0
1.56,0.9102610041491903,0.03258840878195481,0.8776725953672354,0.9990689026062299,35.0
1.57,0.9102255158844382,0.032552920517202814,0.8776725953672354,0.9990699165566513,35.0
1.58,0.9101867679476187,0.032514172580383284,0.8776725953672354,0.9990710236405606,35.0
1.59,0.9101439782194958,0.032471382852260276,0.8776725953672354,0.9990722462042212,35.0
1.6,0.9100964209917296,0.03242382562449415,0.8776725953672354,0.9990736049821574,35.0
1.61,0.9100434347373049,0.0323708393700694,0.8776725953672354,0.9990751188751409,35.0
1.62,0.9099844323189757,0.03231183695174039,0.8776725953672354,0.9990768046585218,35.0
1.63,0.9099189067035767,0.03224631133634126,0.8776725953672354,0.9990786768189617,35.0
1.64,0.9098464350389064,0.032173839671670916,0.8776725953672354,0.9990807474379523,35.0
1.65,0.9097666795906862,0.0320940842234508,0.8776725953672354,0.9990830261650443,35.0
1.66,0.9096793879715466,0.032006792604311114,0.8776725953672354,0.9990855202113054,35.0
1.67,0.9095843928649192,0.03191179749768379,0.8776725953672354,0.9990882343572091,35.0
1.68,0.909481608141351,0.031809012774115526,0.8776725953672354,0.9990911710635967,35.0
1.69,0.9093710253798917,0.03169843001265622,0.8776725953672354,0.999094330571067,35.0
1.7,0.9092527089240368,0.03158011355680134,0.8776725953672354,0.9990977110412342,35.0
1.71,0.9091267909388752,0.03145419557163978,0.8776725953672354,0.9991013086979532,35.0
1.72,0.908993465907433,0.03132087054019754,0.8776725953672354,0.9991051179845658,35.0
1.73,0.9088529840945901,0.031180388727354826,0.8776725953672354,0.999109131750647,35.0
1.74,0.9087056463299725,0.031033050962737077,0.8776725953672354,0.9991133414010647,35.0
1.75,0.9085517973010785,0.03087920193384314,0.8776725953672354,0.9991177370876045,35.0
1.76,0.9083918200216872,0.030719224654451763,0.8776725953672354,0.9991223078670156,35.0
1.77,0.9082261303629799,0.03055353499574449,0.8776725953672354,0.9991270418572644,35.0
1.78,0.9080551721672884,0.03038257680005294,0.8776725953672354,0.9991319263771414,35.0
1.79,0.9078794116624082,0.030206816295172655,0.8776725953672354,0.9991369481058523,35.0
1.8,0.9076993320814669,0.030026736714231454,0.8776725953672354,0.9991420932367362,35.0
1.81,0.9075154310336104,0.02984283566637502,0.8776725953672354,0.9991473475523893,35.0
1.82,0.9073282151539561,0.029655619786720655,0.8776725953672354,0.9991526965775223,35.0
1.83,0.9071381969958269,0.029465601628591444,0.8776725953672354,0.9991581256677545,35.0
1.84,0.9069458904007534,0.029273295033517895,0.8776725953672354,0.9991636201418995,35.0
1.85,0.9067518074775001,0.02907921211026465,0.8776725953672354,0.9991691653682782,35.0
1.86,0.9065564565194337,0.028883861152198247,0.8776725953672354,0.9991747468242229,35.0
1.87,0.9063603378513189,0.028687742484083404,0.8776725953672354,0.9991803502147405,35.0
1.88,0.9061639405822989,0.028491345215063482,0.8776725953672354,0.9991859615652839,35.0
1.89,0.9059677411961802,0.028295145828944712,0.8776725953672354,0.9991915672620302,35.0
1.9,0.9057721998232239,0.028099604455988487,0.8776725953672354,0.9991971541584004,35.0
1.91,0.9055777585805428,0.02790516321330742,0.8776725953672354,0.9992027096224769,35.0
1.92,0.905384838926849,0.027712243559613527,0.8776725953672354,0.9992082216125825,35.0
1.93,0.9051938390591678,0.02752124369193248,0.8776725953672354,0.999213678751659,35.0
1.94,0.9050051325767032,0.02733253720946785,0.8776725953672354,0.9992190703654439,35.0
1.95,0.9048190667113678,0.027146471344132356,0.8776725953672354,0.9992243865330248,35.0
1.96,0.9046359603720314,0.026963365004796,0.8776725953672354,0.9992296181427202,35.0
1.97,0.9044561022683799,0.026783506901144578,0.8776725953672354,0.9992347569456816,35.0
1.98,0.9042797508412933,0.026607155474057866,0.8776725953672354,0.999239795557884,35.0
1.99,0.9041071327389292,0.02643453737169383,0.8776725953672354,0.999244727503666,35.0
2.0,0.9039384419061245,0.02626584653888912,0.8776725953672354,0.9992495472417461,35.0
2.01,0.9037738393808986,0.02610124401366319,0.8776725953672354,0.9992542501710382,35.0
2.02,0.9036134532473049,0.025940857880069505,0.8776725953672354,0.9992588326319981,35.0
2.03,0.9034573786820669,0.025784783314831514,0.8776725953672354,0.9992632919052906,35.0
2.04,0.9033056778787006,0.025633082511465167,0.8776725953672354,0.9992676262139581,35.0
2.05,0.903158381442397,0.025485786075161568,0.8776725953672354,0.9992718346835668,35.0
2.06,0.9030154886408561,0.025342893273620735,0.8776725953672354,0.9992759173350395,35.0
2.07,0.9028769689336293,0.025204373566393913,0.8776725953672354,0.9992798750409602,35.0
2.08,0.9027427629300014,0.025070167562766008,0.8776725953672354,0.9992837094982067,35.0
2.09,0.902612784118178,0.024940188750942605,0.8776725953672354,0.9992874231785445,35.0
2.1,0.902486920503784,0.024814325136548528,0.8776725953672354,0.999291019281813,35.0
2.11,0.9023650368888403,0.02469244152160484,0.8776725953672354,0.9992945016708114,35.0
2.12,0.9022469763071722,0.024574380939936802,0.8776725953672354,0.9992978748302875,35.0
2.13,0.9021325624034724,0.024459967036237006,0.8776725953672354,0.9993011437989646,35.0
2.14,0.9020216018294382,0.024349006462202807,0.8776725953672354,0.9993043141010799,35.0
2.15,0.9019138860162216,0.02424129064898621,0.8776725953672354,0.9993073916957432,35.0
2.16,0.9018091943156684,0.02413659894843295,0.8776725953672354,0.9993103828871877,35.0
2.17,0.9017072957772885,0.024034700410053046,0.8776725953672354,0.9993132942739985,35.0
2.18,0.9016079516215949,0.02393535625435942,0.8776725953672354,0.9993161326784469,35.0
2.19,0.9015109174649913,0.023838322097755993,0.8776725953672354,0.9993189050829213,35.0
2.2,0.9014159460041887,0.023743350636953296,0.8776725953672354,0.9993216185532299,35.0
2.21,0.9013227886874964,0.023650193320260984,0.8776725953672354,0.9993242801908497,35.0
2.22,0.9012311983302445,0.02355860296300903,0.8776725953672354,0.9993268970581998,35.0
2.23,0.9011409309947148,0.023468335627479377,0.8776725953672354,0.9993294761249292,35.0
2.24,0.9010517479132488,0.02337915254601341,0.8776725953672354,0.9993320242129711,35.0
2.25,0.9009634171715838,0.02329082180434841,0.8776725953672354,0.9993345479484472,35.0
2.26,0.9008757159787032,0.023203120611467724,0.8776725953672354,0.9993370536968152,35.0
2.27,0.9007884315237301,0.023115836156494714,0.8776725953672354,0.9993395475383859,35.0
2.28,0.9007013627856779,0.0230287674184425,0.8776725953672354,0.9993420352166159,35.0
2.29,0.9006143216732057,0.02294172630597021,0.8776725953672354,0.9993445221055437,35.0
2.3,0.9005271340613896,0.022854538694154092,0.8776725953672354,0.999347013180167,35.0
2.31,0.9004396412625675,0.022767045895332134,0.8776725953672354,0.9993495129744191,35.0
2.32,0.9003516998072038,0.022679104439968387,0.8776725953672354,0.9993520255874294,35.0
2.33,0.900263182893604,0.022590587526368593,0.8776725953672354,0.9993545546421038,35.0
2.34,0.9001739805458164,0.022501385178581048,0.8776725953672354,0.999357103280612,35.0
2.35,0.9000839997436786,0.02241140437644322,0.8776725953672354,0.9993596741606732,35.0
2.36,0.8999931647179675,0.022320569350732063,0.8776725953672354,0.9993622694471219,35.0
2.37,0.8999014168677388,0.022228821500503333,0.8776725953672354,0.9993648908142714,35.0
2.38,0.8998087144585724,0.02213611909133688,0.8776725953672354,0.9993675394545333,35.0
2.39,0.8997150325176652,0.02204243715042966,0.8776725953672354,0.9993702160814163,35.0
2.4,0.8996203620168912,0.02194776664965576,0.8776725953672354,0.999372920952867,35.0
2.41,0.8995247095556712,0.0218521141884358,0.8776725953672354,0.9993756538803303,35.0
2.42,0.8994280964192123,0.02175550105197688,0.8776725953672354,0.9993784142556578,35.0
2.43,0.8993305580273444,0.021657962660108977,0.8776725953672354,0.999381201066854,35.0
2.44,0.8992321426387634,0.02155954727152794,0.8776725953672354,0.9993840129350993,35.0
2.45,0.8991329105828861,0.021460315215650737,0.8776725953672354,0.9993868481366958,35.0
2.46,0.8990329331057744,0.021360337738538984,0.8776725953672354,0.9993897046360417,35.0
2.47,0.8989322912215445,0.02125969585430908,0.8776725953672354,0.9993925801184483,35.0
2.48,0.8988310744951105,0.021158479127875076,0.8776725953672354,0.9993954720249179,35.0
2.49,0.8987293799226485,0.021056784555413023,0.8776725953672354,0.9993983775841311,35.0
2.5,0.8986273104812788,0.020954715114043298,0.8776725953672354,0.9994012938538844,35.0
2.51,0.898524974132025,0.020852378764789688,0.8776725953672354,0.9994042177495776,35.0
2.52,0.8984224824306317,0.02074988706339625,0.8776725953672354,0.9994071460839029,35.0
2.53,0.8983199492649536,0.02064735389771823,0.8776725953672354,0.9994100756029224,35.0
2.54,0.8982174897750084,0.020544894407772962,0.8776725953672354,0.9994130030169208,35.0
2.55,0.8981152191397187,0.02044262377248319,0.8776725953672354,0.9994159250350719,35.0
2.56,0.8980132514297771,0.02034065606254166,0.8776725953672354,0.9994188383982131,35.0
2.57,0.8979116985978325,0.020239103230596998,0.8776725953672354,0.9994217399076972,35.0
2.58,0.897810669482232,0.020138074114996563,0.8776725953672354,0.9994246264538572,35.0
2.59,0.8977102689429454,0.020037673575709933,0.8776725953672354,0.9994274950406941,35.0
2.6,0.8976105969829281,0.01993800161569276,0.8776725953672354,0.9994303428109802,35.0
2.61,0.8975117478897738,0.019839152522538324,0.8776725953672354,0.9994331670707847,35.0
2.62,0.8974138098473532,0.019741214480117696,0.8776725953672354,0.9994359653005681,35.0
2.63,0.8973168641014518,0.019644268734216357,0.8776725953672354,0.9994387351790225,35.0
2.64,0.8972209846225205,0.019548389255285143,0.8776725953672354,0.9994414745927062,35.0
2.65,0.8971262376489455,0.01945364228171005,0.8776725953672354,0.9994441816490941,35.0
2.66,0.8970326813945785,0.01936008602734312,0.8776725953672354,0.9994468546849331,35.0
2.67,0.8969403658667153,0.019267770499479926,0.8776725953672354,0.9994494922714435,35.0
2.68,0.8968493328078123,0.019176737440576956,0.8776725953672354,0.9994520932159835,35.0
2.69,0.8967596155327793,0.01908702016554384,0.8776725953672354,0.9994546565666987,35.0
2.7,0.8966712390980833,0.01899864373084792,0.8776725953672354,0.9994571816076901,35.0
2.71,0.8965842203144013,0.018911624947165907,0.8776725953672354,0.9994596678586524,35.0
2.72,0.8964985680542155,0.018825972686980087,0.8776725953672354,0.9994621150660863,35.0
2.73,0.8964142834655733,0.01874168809833787,0.8776725953672354,0.9994645231971904,35.0
2.74,0.8963313603603451,0.01865876499310966,0.8776725953672354,0.9994668924287683,35.0
2.75,0.896249785585838,0.018577190218602564,0.8776725953672354,0.9994692231366114,35.0
2.76,0.8961695394174862,0.018496944050250805,0.8776725953672354,0.9994715158842786,35.0
2.77,0.8960905960561165,0.018418000688881088,0.8776725953672354,0.9994737714088892,35.0
2.78,0.89601292419983,0.018340328832594652,0.8776725953672354,0.999475990604783,35.0
2.79,0.8959364876157448,0.018263892248509408,0.8776725953672354,0.9994781745071855,35.0
2.8,0.8958612456156201,0.018188650248384657,0.8776725953672354,0.9994803242786175,35.0
2.81,0.8957871537160345,0.018114558348798944,0.8776725953672354,0.9994824411900344,35.0
2.82,0.8957141643114421,0.018041568944206773,0.8776725953672354,0.999484526601594,35.0
2.83,0.8956422271165392,0.01796963174930377,0.8776725953672354,0.9994865819500198,35.0
2.84,0.895571289941218,0.01789869457398259,0.8776725953672354,0.9994886087264576,35.0
2.85,0.8955012991905094,0.017828703823273853,0.8776725953672354,0.9994906084621922,35.0
2.86,0.8954322005024766,0.017759605135241146,0.8776725953672354,0.9994925827104217,35.0
2.87,0.8953639393018571,0.01769134393462168,0.8776725953672354,0.9994945330304394,35.0
2.88,0.8952964613413271,0.017623865974091785,0.8776725953672354,0.9994964609721688,35.0
2.89,0.8952297132231146,0.017557117855879184,0.8776725953672354,0.9994983680612606,35.0
2.9,0.8951636429144083,0.017491047547172803,0.8776725953672354,0.9995002557843665,35.0
2.91,0.8950982001358835,0.017425604768648136,0.8776725953672354,0.9995021255780386,35.0
2.92,0.8950333368567011,0.017360741489465675,0.8776725953672354,0.9995039788145867,35.0
2.93,0.8949690076366024,0.017296412269366932,0.8776725953672354,0.9995058167923039,35.0
2.94,0.8949051699087338,0.01723257454149836,0.8776725953672354,0.9995076407273857,35.0
2.95,0.8948417843349369,0.0171691889677015,0.8776725953672354,0.9995094517437799,35.0
2.96,0.8947788150114387,0.017106219644203276,0.8776725953672354,0.9995112508673084,35.0
2.97,0.8947162296948553,0.017043634327619895,0.8776725953672354,0.9995130390192108,35.0
2.98,0.894653999906702,0.016981404539466654,0.8776725953672354,0.999514817013158,35.0
2.99,0.8945921010772762,0.016919505710040687,0.8776725953672354,0.9995165855511418,35.0
3.0,0.8945305125874004,0.016857917220164942,0.8776725953672354,0.999518345222281,35.0
3.01,0.8944692177965586,0.016796622429323227,0.8776725953672354,0.9995200965020195,35.0
3.02,0.8944082039998925,0.01673560863265705,0.8776725953672354,0.9995218397533526,35.0
3.03,0.8943474623933305,0.016674867026095,0.8776725953672354,0.9995235752278259,35.0
3.04,0.894286987962641,0.01661439259540546,0.8776725953672354,0.9995253030687027,35.0
3.05,0.8942267793215527,0.016554183954317354,0.8776725953672354,0.999527023315591,35.0
3.06,0.8941668385699476,0.01649424320271223,0.8776725953672354,0.999528735908494,35.0
3.07,0.8941071711110601,0.016434575743824717,0.8776725953672354,0.9995304406930337,35.0
3.08,0.8940477853953567,0.016375190028121274,0.8776725953672354,0.9995321374277679,35.0
3.09,0.8939886926840379,0.016316097316802496,0.8776725953672354,0.9995338257909485,35.0
3.1,0.8939299068375222,0.016257311470286747,0.8776725953672354,0.9995355053865633,35.0
3.11,0.8938714439580837,0.016198848590848244,0.8776725953672354,0.9995371757545473,35.0
3.12,0.8938133221749371,0.016140726807701698,0.8776725953672354,0.9995388363769229,35.0
3.13,0.8937555613024362,0.01608296593520082,0.8776725953672354,0.9995404866875657,35.0
3.14,0.893698182552314,0.016025587185078686,0.8776725953672354,0.9995421260804264,35.0
3.15,0.8936412082271806,0.01596861285994528,0.8776725953672354,0.9995437539182873,35.0
3.16,0.8935846614416841,0.015912066074448783,0.8776725953672354,0.99954536954073,35.0
3.17,0.8935285657985722,0.015855970431336765,0.8776725953672354,0.9995469722733904,35.0
3.18,0.8934729451195568,0.01580034975232134,0.8776725953672354,0.999548561435648,35.0
3.19,0.8934178231689189,0.015745227801683425,0.8776725953672354,0.9995501363485233,35.0
3.2,0.8933632233699941,0.01569062800275867,0.8776725953672354,0.9995516963427783,35.0
3.21,0.8933091685617894,0.015636573194554044,0.8776725953672354,0.9995532407658699,35.0
3.22,0.8932556807751935,0.015583085407957997,0.8776725953672354,0.9995547689883441,35.0
3.23,0.8932027810503449,0.015530185683109446,0.8776725953672354,0.999556280409054,35.0
3.24,0.8931504891612165,0.015477893793981122,0.8776725953672354,0.9995577744630291,35.0
3.25,0.8930988235057871,0.015426228138551634,0.8776725953672354,0.9995592506246128,35.0
3.26,0.8930478009304984,0.015375205563262932,0.8776725953672354,0.9995607084124781,35.0
3.27,0.8929974366033625,0.015324841236127049,0.8776725953672354,0.9995621473932536,35.0
3.28,0.8929477439129988,0.015275148545763383,0.8776725953672354,0.9995635671844068,35.0
3.29,0.8928987343920191,0.015226139024783607,0.8776725953672354,0.9995649674564349,35.0
3.3,0.8928504176277772,0.015177822260541741,0.8776725953672354,0.9995663479354131,35.0
3.31,0.8928028012464435,0.015130205879208068,0.8776725953672354,0.9995677084034512,35.0
3.32,0.8927558909002347,0.015083295532999206,0.8776725953672354,0.9995690486990572,35.0
3.33,0.892709690250883,0.015037094883647647,0.8776725953672354,0.9995703687176101,35.0
3.34,0.892664201001005,0.014991605633769545,0.8776725953672354,0.9995716684104637,35.0
3.35,0.892619422944324,0.014946827577088486,0.8776725953672354,0.9995729477835117,35.0
3.36,0.8925753540251827,0.014902758657947296,0.8776725953672354,0.9995742068954873,35.0
3.37,0.8925319904008064,0.014859395033571084,0.8776725953672354,0.9995754458561837,35.0
3.38,0.8924893265704322,0.014816731203196846,0.8776725953672354,0.9995766648227657,35.0
3.39,0.8924473554138728,0.014774760046637393,0.8776725953672354,0.9995778639986675,35.0
3.4,0.8924060683711925,0.014733473003957161,0.8776725953672354,0.9995790436284584,35.0
3.41,0.8923654555418239,0.014692860174588441,0.8776725953672354,0.9995802039950117,35.0
3.42,0.892325505812086,0.014652910444850611,0.8776725953672354,0.9995813454158614,35.0
3.43,0.8922862070131922,0.014613611645956755,0.8776725953672354,0.9995824682386869,35.0
3.44,0.8922475460482996,0.01457495068106424,0.8776725953672354,0.9995835728376838,35.0
3.45,0.892209509050706,0.014536913683470517,0.8776725953672354,0.9995846596090437,35.0
3.46,0.8921720815452704,0.014499486178034987,0.8776725953672354,0.9995857289663419,35.0
3.47,0.8921352485486418,0.01446265318140631,0.8776725953672354,0.9995867813376741,35.0
3.48,0.8920989947811457,0.014426399413910294,0.8776725953672354,0.9995878171596027,35.0
3.49,0.8920633047714746,0.014390709404239123,0.8776725953672354,0.9995888368741646,35.0
3.5,0.89202816299149,0.014355567624254526,0.8776725953672354,0.9995898409250213,35.0
3.51,0.8919935540203663,0.014320958653130836,0.8776725953672354,0.9995908297527677,35.0
3.52,0.8919594626405625,0.01428686727332704,0.8776725953672354,0.9995918037921907,35.0
3.53,0.8919258739700194,0.014253278602783966,0.8776725953672354,0.9995927634684919,35.0
3.54,0.891892773577805,0.014220178210569636,0.8776725953672354,0.9995937091939837,35.0
3.55,0.8918601475690845,0.014187552201848981,0.8776725953672354,0.9995946413656615,35.0
3.56,0.8918279826813478,0.014155387314112368,0.8776725953672354,0.9995955603624539,35.0
3.57,0.891796266377068,0.014123671009832538,0.8776725953672354,0.9995964665425762,35.0
3.58,0.8917649868926318,0.014092391525396441,0.8776725953672354,0.9995973602421315,35.0
3.59,0.891734133301425,0.014061537934189582,0.8776725953672354,0.9995982417733089,35.0
3.6,0.8917036955692087,0.014031100201973259,0.8776725953672354,0.9995991114228008,35.0
3.61,0.8916736645844413,0.014001069217205833,0.8776725953672354,0.999599969450937,35.0
3.62,0.8916440321690883,0.013971436801852869,0.8776725953672354,0.9996008160913756,35.0
3.63,0.8916147911099724,0.01394219574273705,0.8776725953672354,0.9996016515502075,35.0
3.64,0.8915859351607339,0.013913339793498465,0.8776725953672354,0.9996024760059,35.0
3.65,0.8915574590115027,0.013884863644267316,0.8776725953672354,0.9996032896101638,35.0
3.66,0.8915293583012233,0.013856762933987755,0.8776725953672354,0.9996040924876003,35.0
3.67,0.8915016295711844,0.013829034203948898,0.8776725953672354,0.99960488473703,35.0
3.68,0.8914742702450477,0.01380167487781225,0.8776725953672354,0.9996056664320625,35.0
3.69,0.8914472785732371,0.013774683206001712,0.8776725953672354,0.9996064376226856,35.0
3.7,0.8914206535958548,0.013748058228619289,0.8776725953672354,0.9996071983363252,35.0
3.71,0.8913943950815425,0.013721799714307165,0.8776725953672354,0.9996079485795912,35.0
3.72,0.8913685034726844,0.013695908105448977,0.8776725953672354,0.9996086883398443,35.0
3.73,0.8913429798193649,0.013670384452129519,0.8776725953672354,0.999609417587082,35.0
3.74,0.8913178257096895,0.013645230342454096,0.8776725953672354,0.9996101362759299,35.0
3.75,0.8912930432083315,0.013620447841096004,0.8776725953672354,0.9996108443473972,35.0
3.76,0.8912686347742129,0.013596039406977489,0.8776725953672354,0.9996115417312292,35.0
3.77,0.8912446032006553,0.013572007833419901,0.8776725953672354,0.9996122283476166,35.0
3.78,0.8912209515318962,0.01354835616466069,0.8776725953672354,0.9996129041095811,35.0
3.79,0.8911976829971011,0.013525087629865748,0.8776725953672354,0.9996135689248611,35.0
3.8,0.8911748009407554,0.013502205573519981,0.8776725953672354,0.9996142226978995,35.0
3.81,0.891152308751226,0.013479713383990493,0.8776725953672354,0.999614865331886,35.0
3.82,0.8911302097982791,0.013457614431043702,0.8776725953672354,0.9996154967305416,35.0
3.83,0.8911085073705564,0.013435912003320965,0.8776725953672354,0.9996161167999051,35.0
3.84,0.8910872046100812,0.01341460924284576,0.8776725953672354,0.9996167254502044,35.0
3.85,0.891066304472281,0.013393709105045561,0.8776725953672354,0.9996173225969988,35.0
3.86,0.8910458096613381,0.013373214294102594,0.8776725953672354,0.9996179081630256,35.0
3.87,0.8910257225921083,0.013353127224872932,0.8776725953672354,0.9996184820792894,35.0
3.88,0.8910060453509717,0.013333449983736319,0.8776725953672354,0.9996190442861789,35.0
3.89,0.8909867796589539,0.013314184291718512,0.8776725953672354,0.9996195947345223,35.0
3.9,0.8909679268407701,0.01329533147353465,0.8776725953672354,0.9996201333864705,35.0
3.91,0.890949487806593,0.013276892439357596,0.8776725953672354,0.9996206602160185,35.0
3.92,0.8909314630288964,0.013258867661660885,0.8776725953672354,0.9996211752096669,35.0
3.93,0.8909138525283802,0.013241257161144764,0.8776725953672354,0.9996216783668245,35.0
3.94,0.8908966558729362,0.013224060505700836,0.8776725953672354,0.9996221696998372,35.0
3.95,0.8908798721654707,0.013207276798235246,0.8776725953672354,0.9996226492343362,35.0
3.96,0.8908635000560802,0.013190904688844712,0.8776725953672354,0.9996231170088902,35.0
3.97,0.8908475377430918,0.013174942375856367,0.8776725953672354,0.9996235730749755,35.0
3.98,0.890831982987739,0.013159387620503636,0.8776725953672354,0.999624017496557,35.0
3.99,0.8908168331226975,0.013144237755462126,0.8776725953672354,0.999624450349844,35.0
4.0,0.8908020850820408,0.013129489714805351,0.8776725953672354,0.9996248717224342,35.0
4.01,0.8907877354133995,0.013115140046164073,0.8776725953672354,0.9996252817129667,35.0
4.02,0.890773780308233,0.013101184940997598,0.8776725953672354,0.9996256804302572,35.0
4.03,0.8907602156351487,0.013087620267913241,0.8776725953672354,0.9996260679923454,35.0
4.04,0.8907470369542999,0.013074441587064516,0.8776725953672354,0.9996264445260838,35.0
4.05,0.8907342395675337,0.013061644200298317,0.8776725953672354,0.9996268101657059,35.0
4.06,0.8907218185438877,0.013049223176652244,0.8776725953672354,0.9996271650520957,35.0
4.07,0.8907097687437517,0.013037173376516257,0.8776725953672354,0.9996275093320995,35.0
4.08,0.8906980848749414,0.01302548950770588,0.8776725953672354,0.9996278431569227,35.0
4.09,0.8906867615025194,0.013014166135283946,0.8776725953672354,0.9996281666818491,35.0
4.1,0.8906757931060473,0.013003197738811909,0.8776725953672354,0.9996284800646054,35.0
4.11,0.8906651741021852,0.012992578734949689,0.8776725953672354,0.9996287834647157,35.0
4.12,0.8906548988699431,0.01298230350270758,0.8776725953672354,0.9996290770427798,35.0
4.13,0.8906449618055926,0.012972366438357155,0.8776725953672354,0.9996293609589042,35.0
4.14,0.8906353573228485,0.012962761955612996,0.8776725953672354,0.9996296353726968,35.0
4.15,0.8906260799131055,0.012953484545870074,0.8776725953672354,0.9996299004415466,35.0
4.16,0.8906171241411722,0.012944528773936832,0.8776725953672354,0.9996301563207447,35.0
4.17,0.8906084846954784,0.012935889328242856,0.8776725953672354,0.9996304031620502,35.0
4.18,0.8906001563983765,0.01292756103114113,0.8776725953672354,0.9996306411133961,35.0
4.19,0.8905921342177417,0.01291953885050628,0.8776725953672354,0.999630870318557,35.0
4.2,0.8905844133055536,0.012911817938318167,0.8776725953672354,0.9996310909160481,35.0
4.21,0.8905769889903997,0.012904393623164234,0.8776725953672354,0.9996313030393382,35.0
4.22,0.8905698568041286,0.012897261436893136,0.8776725953672354,0.9996315068160888,35.0
4.23,0.8905630124885837,0.012890417121348226,0.8776725953672354,0.9996317023679615,35.0
4.24,0.890556451992789,0.012883856625553608,0.8776725953672354,0.9996318898106985,35.0
4.25,0.890550171493573,0.012877576126337456,0.8776725953672354,0.9996320692535332,35.0
4.26,0.8905441673806009,0.012871572013365506,0.8776725953672354,0.9996322407996182,35.0
4.27,0.890538436269068,0.012865840901832636,0.8776725953672354,0.999632404545662,35.0
4.28,0.890532974992865,0.012860379625629493,0.8776725953672354,0.999632560582125,35.0
4.29,0.8905277805922143,0.012855185224978782,0.8776725953672354,0.9996327089935721,35.0
4.3,0.8905228503189597,0.01285025495172429,0.8776725953672354,0.9996328498585222,35.0
4.31,0.8905181816196845,0.012845586252449128,0.8776725953672354,0.9996329832499301,35.0
4.32,0.8905137721291334,0.01284117676189795,0.8776725953672354,0.9996331092353744,35.0
4.33,0.8905096196564017,0.012837024289166278,0.8776725953672354,0.9996332278774525,35.0
4.34,0.8905057221759161,0.012833126808680572,0.8776725953672354,0.9996333392340377,35.0
4.35,0.8905020778057222,0.012829482438486734,0.8776725953672354,0.9996334433589004,35.0
4.36,0.8904986848045398,0.012826089437304313,0.8776725953672354,0.9996335403017913,35.0
4.37,0.890495541542563,0.012822946175327652,0.8776725953672354,0.9996336301092764,35.0
4.38,0.8904926464982197,0.012820051130984217,0.8776725953672354,0.9996337128248292,35.0
4.39,0.8904899982334886,0.012817402866253203,0.8776725953672354,0.9996337884895357,35.0
4.4,0.8904875953819237,0.012815000014688143,0.8776725953672354,0.9996338571424375,35.0
4.41,0.8904854366319076,0.012812841264672097,0.8776725953672354,0.9996339188210094,35.0
4.42,0.8904835207086652,0.012810925341429722,0.8776725953672354,0.9996339735616735,35.0
4.43,0.8904818463652187,0.012809250997983183,0.8776725953672354,0.9996340214000576,35.0
4.44,0.8904804123571154,0.01280781698987993,0.8776725953672354,0.9996340623717177,35.0
4.45,0.8904792174392104,0.012806622071974933,0.8776725953672354,0.9996340965122293,35.0
4.46,0.8904782603447198,0.012805664977484307,0.8776725953672354,0.9996341238577863,35.0
4.47,0.8904775397768644,0.012804944409628975,0.8776725953672354,0.9996341444454392,35.0
4.48,0.8904770543967353,0.012804459029499754,0.8776725953672354,0.9996341583134429,35.0
4.49,0.8904768028108413,0.012804207443605806,0.8776725953672354,0.9996341655016112,35.0
4.5,0.8904767835686107,0.012804188201375265,0.8776725953672354,0.9996341660513893,35.0
4.51,0.8904769951439968,0.012804399776761413,0.8776725953672354,0.9996341600063783,35.0
4.52,0.8904774359377196,0.012804840570484104,0.8776725953672354,0.9996341474122719,35.0
4.53,0.8904781042690815,0.012805508901846006,0.8776725953672354,0.9996341283170902,35.0
4.54,0.8904789983693429,0.012806403002107428,0.8776725953672354,0.9996341027713684,35.0
4.55,0.8904801163848791,0.012807521017643736,0.8776725953672354,0.9996340708280673,35.0
4.56,0.8904814563664952,0.012808860999259776,0.8776725953672354,0.9996340325428783,35.0
4.57,0.8904830162755801,0.012810420908344632,0.8776725953672354,0.9996339879740473,35.0
4.58,0.8904847939845753,0.012812198617339808,0.8776725953672354,0.9996339371823618,35.0
4.59,0.8904867872725875,0.01281419190535199,0.8776725953672354,0.9996338802312758,35.0
4.6,0.8904889938365304,0.01281639846929499,0.8776725953672354,0.9996338171865916,35.0
4.61,0.8904914112858329,0.012818815918597386,0.8776725953672354,0.9996337481166115,35.0
4.62,0.8904940371559984,0.012821441788762952,0.8776725953672354,0.9996336730917497,35.0
4.63,0.8904968689034363,0.012824273536200892,0.8776725953672354,0.9996335921846801,35.0
4.64,0.8904999039165029,0.012827308549267518,0.8776725953672354,0.9996335054700209,35.0
4.65,0.890503139526668,0.012830544159432588,0.8776725953672354,0.9996334130240163,35.0
4.66,0.890506573004315,0.012833977637079592,0.8776725953672354,0.9996333149246549,35.0
4.67,0.8905102015778046,0.01283760621056913,0.8776725953672354,0.9996332112511267,35.0
4.68,0.8905140224301767,0.012841427062941321,0.8776725953672354,0.9996331020839161,35.0
4.69,0.8905180327117851,0.012845437344549598,0.8776725953672354,0.9996329875044415,35.0
4.7,0.8905222295499502,0.012849634182714844,0.8776725953672354,0.9996328675947797,35.0
4.71,0.8905266100543227,0.012854014687087228,0.8776725953672354,0.9996327424375119,35.0
4.72,0.8905311713240216,0.012858575956786193,0.8776725953672354,0.9996326121155205,35.0
4.73,0.890535910458437,0.012863315091201576,0.8776725953672354,0.9996324767116801,35.0
4.74,0.8905408245588288,0.01286822919159329,0.8776725953672354,0.9996323363088117,35.0
4.75,0.8905459107390024,0.012873315371766935,0.8776725953672354,0.9996321909893781,35.0
4.76,0.8905511661365415,0.012878570769306012,0.8776725953672354,0.9996320408351628,35.0
4.77,0.8905565879082912,0.012883992541055744,0.8776725953672354,0.9996318859273985,35.0
4.78,0.8905621732499334,0.012889577882697916,0.8776725953672354,0.9996317263462087,35.0
4.79,0.8905679193867654,0.012895324019530007,0.8776725953672354,0.9996315621708706,35.0
4.8,0.8905738235874733,0.012901228220237896,0.8776725953672354,0.9996313934794219,35.0
4.81,0.8905798831706734,0.012907287803437998,0.8776725953672354,0.9996312203484733,35.0
4.82,0.8905860955013216,0.012913500134086176,0.8776725953672354,0.9996310428533118,35.0
4.83,0.8905924579972214,0.012919862629985934,0.8776725953672354,0.9996308610677147,35.0
4.84,0.8905989681307175,0.012926372763482005,0.8776725953672354,0.9996306750639006,35.0
4.85,0.8906056234359191,0.012933028068683669,0.8776725953672354,0.9996304849123234,35.0
4.86,0.8906124215024792,0.012939826135243792,0.8776725953672354,0.9996302906818503,35.0
4.87,0.890619359981918,0.012946764614682516,0.8776725953672354,0.9996300924395806,35.0
4.88,0.8906264365828974,0.012953841215661926,0.8776725953672354,0.9996298902509811,35.0
4.89,0.8906336490740846,0.012961053706849175,0.8776725953672354,0.9996296841798044,35.0
4.9,0.8906409952872022,0.012968399919966777,0.8776725953672354,0.999629474288001,35.0
4.91,0.8906484731065435,0.012975877739308032,0.8776725953672354,0.9996292606360199,35.0
4.92,0.8906560804781432,0.012983485110907744,0.8776725953672354,0.9996290432825455,35.0
4.93,0.8906638153975747,0.012991220030339161,0.8776725953672354,0.9996288222848475,35.0
4.94,0.8906716759135191,0.012999080546283702,0.8776725953672354,0.9996285976986777,35.0
4.95,0.8906796601229773,0.013007064755741841,0.8776725953672354,0.9996283695784075,35.0
4.96,0.8906877661730284,0.013015170805792967,0.8776725953672354,0.9996281379769775,35.0
4.97,0.8906959922488166,0.013023396881581035,0.8776725953672354,0.9996279029462406,35.0
4.98,0.8907043365765436,0.013031741209308119,0.8776725953672354,0.9996276645368769,35.0
4.99,0.8907127974190693,0.013040202051833856,0.8776725953672354,0.9996274227985191,35.0
5.0,0.8907213730728275,0.01304877770559206,0.8776725953672354,0.9996271777798402,35.0
5.01,0.8907300618605553,0.0130574664933197,0.8776725953672354,0.9996269295287624,35.0
5.02,0.890738862130414,0.013066266763178501,0.8776725953672354,0.9996266780924807,35.0
5.03,0.890747772255764,0.01307517688852856,0.8776725953672354,0.9996264235174707,35.0
5.04,0.8907567906236076,0.013084195256372144,0.8776725953672354,0.9996261658498179,35.0
5.05,0.890765915636946,0.013093320269710483,0.8776725953672354,0.9996259051351511,35.0
5.06,0.8907751457107548,0.013102550343519334,0.8776725953672354,0.9996256414187566,35.0
5.07,0.8907844792692448,0.013111883902009324,0.8776725953672354,0.9996253747456569,35.0
5.08,0.890793914739607,0.013121319372371541,0.8776725953672354,0.9996251051607894,35.0
5.09,0.8908034505519307,0.013130855184695249,0.8776725953672354,0.9996248327090087,35.0
5.1,0.8908130851394749,0.013140489772239479,0.8776725953672354,0.9996245574350789,35.0
5.11,0.8908228169299877,0.013150221562752223,0.8776725953672354,0.9996242793839215,35.0
5.12,0.8908326443482545,0.013160048981018961,0.8776725953672354,0.9996239986005424,35.0
5.13,0.8908425658126764,0.013169970445440927,0.8776725953672354,0.9996237151301304,35.0
5.14,0.8908525797369055,0.013179984369669984,0.8776725953672354,0.9996234290180094,35.0
5.15,0.8908626845245732,0.013190089157337676,0.8776725953672354,0.9996231403097904,35.0
5.16,0.8908728785693159,0.013200283202080366,0.8776725953672354,0.9996228490513691,35.0
5.17,0.890883160258293,0.013210564891057467,0.8776725953672354,0.999622555288827,35.0
5.18,0.8908935279653428,0.01322093259810728,0.8776725953672354,0.9996222590686256,35.0
5.19,0.890903980054983,0.013231384687747495,0.8776725953672354,0.9996219604374931,35.0
5.2,0.8909145148826415,0.013241919515406117,0.8776725953672354,0.999621659442417,35.0
5.21,0.8909251307953991,0.013252535428163698,0.8776725953672354,0.999621356130624,35.0
5.22,0.8909358261292321,0.01326323076199663,0.8776725953672354,0.9996210505496573,35.0
5.23,0.890946599212501,0.013274003845265581,0.8776725953672354,0.9996207427472782,35.0
5.24,0.890957448369568,0.01328485300233262,0.8776725953672354,0.999620432771362,35.0
5.25,0.8909683719157379,0.013295776548502398,0.8776725953672354,0.9996201206700428,35.0
5.26,0.8909793681616602,0.013306772794424831,0.8776725953672354,0.9996198064915879,35.0
5.27,0.8909904354194195,0.013317840052184103,0.8776725953672354,0.9996194902842234,35.0
5.28,0.8910015719953259,0.013328976628090468,0.8776725953672354,0.9996191720963403,35.0
5.29,0.8910127761972346,0.013340180829999146,0.8776725953672354,0.9996188519762857,35.0
5.3,0.8910240463347502,0.013351450967514764,0.8776725953672354,0.9996185299723568,35.0
5.31,0.8910353807219992,0.013362785354763769,0.8776725953672354,0.999618206132721,35.0
5.32,0.8910467776781062,0.013374182310870744,0.8776725953672354,0.9996178805054037,35.0
5.33,0.8910582355276145,0.013385640160379032,0.8776725953672354,0.9996175531382749,35.0
5.34,0.8910697526078114,0.013397157240575948,0.8776725953672354,0.9996172240788407,35.0
5.35,0.8910813272622524,0.013408731895017005,0.8776725953672354,0.999616893374428,35.0
5.36,0.8910929578480138,0.013420362480778427,0.8776725953672354,0.9996165610719778,35.0
5.37,0.891104642735536,0.013432047368300499,0.8776725953672354,0.9996162272180487,35.0
5.38,0.8911163803112279,0.013443784943992409,0.8776725953672354,0.9996158918587431,35.0
5.39,0.8911281689774163,0.013455573610180774,0.8776725953672354,0.9996155550397091,35.0
5.4,0.8911400071524931,0.01346741178525765,0.8776725953672354,0.9996152168061355,35.0
5.41,0.8911518932774368,0.013479297910201424,0.8776725953672354,0.9996148772025657,35.0
5.42,0.8911638258088279,0.013491230441592504,0.8776725953672354,0.9996145362730974,35.0
5.43,0.8911758032254555,0.0135032078582201,0.8776725953672354,0.9996141940611938,35.0
5.44,0.8911878240272444,0.013515228660008902,0.8776725953672354,0.9996138506097141,35.0
5.45,0.8911998867371088,0.013527291369873332,0.8776725953672354,0.9996135059608608,35.0
5.46,0.8912119898998458,0.013539394532610436,0.8776725953672354,0.9996131601562112,35.0
5.47,0.8912241320816208,0.013551536714385339,0.8776725953672354,0.9996128132367319,35.0
5.48,0.8912363118757027,0.013563716508467294,0.8776725953672354,0.9996124652426153,35.0
5.49,0.8912485278937953,0.01357593252655983,0.8776725953672354,0.999612116213527,35.0
5.5,0.8912607787728944,0.013588183405659086,0.8776725953672354,0.9996117661884097,35.0
5.51,0.891273063172468,0.013600467805232497,0.8776725953672354,0.9996114152055648,35.0
5.52,0.8912853797756255,0.013612784408390062,0.8776725953672354,0.9996110633026175,35.0
5.53,0.8912977272872851,0.013625131920049665,0.8776725953672354,0.99961071051657,35.0
5.54,0.8913101044341742,0.013637509066938757,0.8776725953672354,0.9996103568838018,35.0
5.55,0.891322509963408,0.013649914596172548,0.8776725953672354,0.9996100024401093,35.0
5.56,0.8913349426449569,0.013662347277721405,0.8776725953672354,0.9996096472206366,35.0
5.57,0.8913474012678323,0.013674805900596873,0.8776725953672354,0.999609291259983,35.0
5.58,0.8913598846397589,0.013687289272523462,0.8776725953672354,0.9996089345922137,35.0
5.59,0.891372391588182,0.013699796220946544,0.8776725953672354,0.9996085772508301,35.0
5.6,0.8913849209577747,0.013712325590539219,0.8776725953672354,0.9996082192688418,35.0
5.61,0.8913974716093516,0.013724876242116046,0.8776725953672354,0.9996078606787968,35.0
5.62,0.8914100424226954,0.013737447055459899,0.8776725953672354,0.9996075015127012,35.0
5.63,0.8914226322895146,0.013750036922279125,0.8776725953672354,0.9996071418022207,35.0
5.64,0.8914352401172172,0.013762644749981703,0.8776725953672354,0.999606781578572,35.0
5.65,0.8914478648266717,0.0137752694594363,0.8776725953672354,0.9996064208725876,35.0
5.66,0.8914605053523286,0.013787909985093095,0.8776725953672354,0.9996060597147116,35.0
5.67,0.8914731606399083,0.013800565272672887,0.8776725953672354,0.9996056981350665,35.0
5.68,0.8914858296455849,0.013813234278349379,0.8776725953672354,0.9996053361634758,35.0
5.69,0.891498511338753,0.013825915971517633,0.8776725953672354,0.9996049738293853,35.0
5.7,0.8915112046954529,0.013838609328217415,0.8776725953672354,0.999604611162051,35.0
5.71,0.8915239087022517,0.013851313335016236,0.8776725953672354,0.9996042481904281,35.0
5.72,0.8915366223542196,0.013864026986984157,0.8776725953672354,0.999603884943229,35.0
5.73,0.8915493446554347,0.01387674928819918,0.8776725953672354,0.9996035214489086,35.0
5.74,0.8915620746169478,0.01388947924971244,0.8776725953672354,0.9996031577357225,35.0
5.75,0.8915748112563189,0.013902215889083368,0.8776725953672354,0.9996027938317406,35.0
5.76,0.8915875536010824,0.013914958233847068,0.8776725953672354,0.9996024297647472,35.0
5.77,0.891600300681871,0.013927705314635542,0.8776725953672354,0.999602065562439,35.0
5.78,0.8916130515376164,0.013940456170380927,0.8776725953672354,0.9996017012522749,35.0
5.79,0.8916258052136424,0.01395320984640698,0.8776725953672354,0.9996013368615312,35.0
5.8,0.8916385607607584,0.013965965393522921,0.8776725953672354,0.9996009724173279,35.0
5.81,0.8916513172383849,0.013978721871149354,0.8776725953672354,0.9996006079465386,35.0
5.82,0.8916640737095977,0.01399147834236217,0.8776725953672354,0.9996002434759326,35.0
5.83,0.8916768292447308,0.014004233877495404,0.8776725953672354,0.9995998790320716,35.0
5.84,0.8916895829208867,0.014016987553651224,0.8776725953672354,0.9995995146413243,35.0
5.85,0.8917023338214655,0.014029738454230015,0.8776725953672354,0.9995991503298791,35.0
5.86,0.8917150810373797,0.014042485670144282,0.8776725953672354,0.9995987861237102,35.0
5.87,0.8917278236667608,0.014055228299525364,0.8776725953672354,0.9995984220485851,35.0
5.88,0.8917405608135157,0.014067965446280225,0.8776725953672354,0.9995980581301064,35.0
5.89,0.8917532915911943,0.014080696223958893,0.8776725953672354,0.9995976943936012,35.0
5.9,0.891766015119878,0.014093419752642437,0.8776725953672354,0.9995973308642102,35.0
5.91,0.8917787305284192,0.014106135161183734,0.8776725953672354,0.9995969675668234,35.0
5.92,0.8917914369538275,0.014118841586591968,0.8776725953672354,0.9995966045260974,35.0
5.93,0.8918041335424777,0.014131538175242176,0.8776725953672354,0.9995962417664217,35.0
5.94,0.891816819450415,0.014144224083179493,0.8776725953672354,0.9995958793119092,35.0
5.95,0.8918294938417234,0.014156898474488035,0.8776725953672354,0.9995955171864432,35.0
5.96,0.8918421558922545,0.014169560525018993,0.8776725953672354,0.9995951554135709,35.0
5.97,0.8918548047860639,0.014182209418828447,0.8776725953672354,0.999594794016605,35.0
5.98,0.8918674397186707,0.014194844351435245,0.8776725953672354,0.9995944330185305,35.0
5.99,0.8918800598960068,0.014207464528771368,0.8776725953672354,0.9995940724420351,35.0
6.0,0.8918926645353983,0.014220069168162826,0.8776725953672354,0.9995937123094811,35.0
6.01,0.8919052528655939,0.01423265749835846,0.8776725953672354,0.9995933526429042,35.0
6.02,0.8919178241254676,0.014245228758232193,0.8776725953672354,0.9995929934640506,35.0
6.03,0.8919303775670523,0.014257782199816812,0.8776725953672354,0.999592634794291,35.0
6.04,0.89194291245245,0.014270317085214644,0.8776725953672354,0.9995922766547082,35.0
6.05,0.8919554280564775,0.014282832689242063,0.8776725953672354,0.9995919190660217,35.0
6.06,0.8919679236655725,0.01429532829833717,0.8776725953672354,0.999591562048619,35.0
6.07,0.8919803985786201,0.014307803211384714,0.8776725953672354,0.9995912056225319,35.0
6.08,0.8919928521060141,0.014320256738778642,0.8776725953672354,0.9995908498074636,35.0
6.09,0.89200528357169,0.014332688204454519,0.8776725953672354,0.99959049462273,35.0
6.1,0.8920176923089425,0.014345096941706974,0.8776725953672354,0.9995901400873799,35.0
6.11,0.8920300776642488,0.014357482297013344,0.8776725953672354,0.9995897862200854,35.0
6.12,0.8920424389960901,0.014369843628854675,0.8776725953672354,0.9995894330391756,35.0
6.13,0.8920547756740717,0.014382180306836191,0.8776725953672354,0.9995890805626619,35.0
6.14,0.892067087081427,0.014394491714191614,0.8776725953672354,0.999588728808166,35.0
6.15,0.8920793726105124,0.014406777243276934,0.8776725953672354,0.9995883777930493,35.0
6.16,0.8920916316656684,0.014419036298432992,0.8776725953672354,0.9995880275343305,35.0
6.17,0.8921038636626447,0.014431268295409182,0.8776725953672354,0.9995876780487026,35.0
6.18,0.8921160680276752,0.014443472660439665,0.8776725953672354,0.9995873293525589,35.0
6.19,0.892128244198617,0.014455648831381533,0.8776725953672354,0.9995869814619606,35.0
6.2,0.8921403916234885,0.014467796256253036,0.8776725953672354,0.9995866343926786,35.0
6.21,0.8921525097600825,0.014479914392847026,0.8776725953672354,0.9995862881602045,35.0
6.22,0.8921645980769721,0.014492002709736662,0.8776725953672354,0.9995859427797218,35.0
6.23,0.8921766560518878,0.014504060684652334,0.8776725953672354,0.9995855982661528,35.0
6.24,0.8921886831721966,0.014516087804961086,0.8776725953672354,0.999585254634144,35.0
6.25,0.892200678935954,0.014528083568718571,0.8776725953672354,0.9995849118980367,35.0
6.26,0.8922126428484892,0.014540047481253811,0.8776725953672354,0.9995845700719642,35.0
6.27,0.8922245744247582,0.014551979057522788,0.8776725953672354,0.9995842291697852,35.0
6.28,0.8922364731886426,0.014563877821407159,0.8776725953672354,0.9995838892051027,35.0
6.29,0.8922483386719228,0.014575743304687317,0.8776725953672354,0.9995835501912946,35.0
6.3,0.8922601704160311,0.014587575048795716,0.8776725953672354,0.999583212141463,35.0
6.31,0.8922719679687646,0.014599372601529171,0.8776725953672354,0.9995828750685278,35.0
6.32,0.8922837308863781,0.014611135519142684,0.8776725953672354,0.9995825389851675,35.0
6.33,0.8922954587330335,0.014622863365798005,0.8776725953672354,0.9995822039038343,35.0
6.34,0.8923071510804182,0.014634555713182866,0.8776725953672354,0.9995818698367662,35.0
6.35,0.8923188075072663,0.014646212140030897,0.8776725953672354,0.9995815367959991,35.0
6.36,0.8923304276005944,0.014657832233359069,0.8776725953672354,0.9995812047933327,35.0
6.37,0.8923420109534473,0.014669415586211921,0.8776725953672354,0.999580873840394,35.0
6.38,0.8923535571656855,0.014680961798450045,0.8776725953672354,0.9995805439486157,35.0
6.39,0.8923650658454031,0.014692470478167657,0.8776725953672354,0.9995802151291953,35.0
6.4,0.8923765366065188,0.014703941239283319,0.8776725953672354,0.9995798873931634,35.0
6.41,0.892387969070447,0.014715373703211613,0.8776725953672354,0.9995795607513369,35.0
6.42,0.892399362864683,0.014726767497447505,0.8776725953672354,0.9995792352143587,35.0
6.43,0.8924107176234874,0.014738122256252003,0.8776725953672354,0.9995789107926786,35.0
6.44,0.8924220329880025,0.014749437620766996,0.8776725953672354,0.9995785874965495,35.0
6.45,0.892433308605469,0.01476071323823353,0.8776725953672354,0.9995782653360505,35.0
6.46,0.8924445441306832,0.014771948763447732,0.8776725953672354,0.9995779443210444,35.0
6.47,0.892455739224151,0.014783143856915607,0.8776725953672354,0.999577624461231,35.0
6.48,0.8924668935543657,0.014794298187130234,0.8776725953672354,0.9995773057660821,35.0
6.49,0.8924780067943261,0.014805411427090612,0.8776725953672354,0.9995769882449402,35.0
6.5,0.8924890786248443,0.01481648325760886,0.8776725953672354,0.9995766719069255,35.0
6.51,0.8925001087332181,0.014827513365982682,0.8776725953672354,0.9995763567609719,35.0
6.52,0.8925110968128549,0.01483850144561945,0.8776725953672354,0.9995760428158396,35.0
6.53,0.892522042565199,0.0148494471979635,0.8776725953672354,0.9995757300800582,35.0
6.54,0.8925329456969511,0.014860350329715588,0.8776725953672354,0.9995754185620082,35.0
6.55,0.8925438059218048,0.014871210554569358,0.8776725953672354,0.9995751082698695,35.0
6.56,0.8925546229604988,0.014882027593263373,0.8776725953672354,0.9995747992116211,35.0
6.57,0.8925653965402721,0.014892801173036636,0.8776725953672354,0.9995744913950562,35.0
6.58,0.8925761263948784,0.01490353102764292,0.8776725953672354,0.9995741848277817,35.0
6.59,0.8925868122652703,0.014914216898034812,0.8776725953672354,0.999573879517199,35.0
6.6,0.8925974538994016,0.014924858532166132,0.8776725953672354,0.9995735754705096,35.0
6.61,0.8926080510510919,0.014935455683856352,0.8776725953672354,0.999573272694747,35.0
6.62,0.8926186034811653,0.014946008113929843,0.8776725953672354,0.9995729711967449,35.0
6.63,0.8926291109574874,0.014956515590251993,0.8776725953672354,0.9995726709831356,35.0
6.64,0.8926395732541333,0.014966977886897982,0.8776725953672354,0.9995723720603744,35.0
6.65,0.8926499901531977,0.014977394785962182,0.8776725953672354,0.9995720744346869,35.0
6.66,0.8926603614418672,0.01498776607463179,0.8776725953672354,0.9995717781121535,35.0
6.67,0.892670686914489,0.014998091547253607,0.8776725953672354,0.99957148309865,35.0
6.68,0.8926809663722882,0.015008371005052708,0.8776725953672354,0.9995711893998557,35.0
6.69,0.8926911996231447,0.015018604255909248,0.8776725953672354,0.9995708970212598,35.0
6.7,0.8927013864807397,0.015028791113504273,0.8776725953672354,0.9995706059681857,35.0
6.71,0.8927115267664477,0.015038931399212214,0.8776725953672354,0.9995703162457369,35.0
6.72,0.8927216203068568,0.015049024939621305,0.8776725953672354,0.999570027858868,35.0
6.73,0.8927316669360152,0.01505907156877981,0.8776725953672354,0.9995697408123205,35.0
6.74,0.8927416664929606,0.015069071125725092,0.8776725953672354,0.9995694551106936,35.0
6.75,0.8927516188237324,0.015079023456496986,0.8776725953672354,0.9995691707583859,35.0
6.76,0.8927615237806454,0.015088928413409981,0.8776725953672354,0.9995688877596169,35.0
6.77,0.8927713812211908,0.015098785853955448,0.8776725953672354,0.9995686061184584,35.0
6.78,0.8927811910102266,0.01510859564299112,0.8776725953672354,0.9995683258387718,35.0
6.79,0.8927909530171884,0.015118357649952969,0.8776725953672354,0.9995680469242871,35.0
6.8,0.8928006671182427,0.015128071751007147,0.8776725953672354,0.9995677693785426,35.0
6.81,0.8928103331942723,0.015137737827036753,0.8776725953672354,0.9995674932049419,35.0
6.82,0.8928199511323934,0.015147355765158053,0.8776725953672354,0.9995672184067098,35.0
6.83,0.8928295208253797,0.015156925458144168,0.8776725953672354,0.9995669449869102,35.0
6.84,0.8928390421706208,0.015166446803385315,0.8776725953672354,0.9995666729484747,35.0
6.85,0.8928485150721897,0.015175919704954193,0.8776725953672354,0.9995664022941442,35.0
6.86,0.89285793943812,0.015185344070884562,0.8776725953672354,0.9995661330265462,35.0
6.87,0.8928673151823431,0.015194719815107588,0.8776725953672354,0.9995658651481398,35.0
6.88,0.8928766422231582,0.015204046855922764,0.8776725953672354,0.9995655986612595,35.0
6.89,0.8928859204841536,0.015213325116918232,0.8776725953672354,0.9995653335680881,35.0
6.9,0.8928951498944571,0.015222554527221599,0.8776725953672354,0.9995650698706509,35.0
6.91,0.8929043303866953,0.015231735019459796,0.8776725953672354,0.9995648075708726,35.0
6.92,0.8929134618994503,0.015240866532214868,0.8776725953672354,0.9995645466705082,35.0
6.93,0.8929225443751369,0.01524994900790138,0.8776725953672354,0.9995642871712028,35.0
6.94,0.8929315777611039,0.015258982393868397,0.8776725953672354,0.999564029074461,35.0
6.95,0.8929405620087341,0.01526796664149863,0.8776725953672354,0.9995637723816716,35.0
6.96,0.8929494970740578,0.015276901706822325,0.8776725953672354,0.9995635170940909,35.0
6.97,0.8929583829180119,0.015285787550776328,0.8776725953672354,0.9995632632128351,35.0
6.98,0.8929672195047051,0.015294624137469633,0.8776725953672354,0.9995630107389295,35.0
6.99,0.8929760068033127,0.015303411436077281,0.8776725953672354,0.999562759673255,35.0
7.0,0.8929847447874432,0.015312149420207696,0.8776725953672354,0.9995625100165655,35.0
7.01,0.8929934334335392,0.015320838066303799,0.8776725953672354,0.9995622617695342,35.0
7.02,0.8930020727228415,0.015329477355606004,0.8776725953672354,0.999562014932697,35.0
7.03,0.8930106626404843,0.015338067273248886,0.8776725953672354,0.9995617695064787,35.0
7.04,0.8930192031760159,0.015346607808780523,0.8776725953672354,0.9995615254911777,35.0
7.05,0.8930276943219966,0.015355098954761129,0.8776725953672354,0.9995612828870069,35.0
7.06,0.8930361360756831,0.015363540708447615,0.8776725953672354,0.9995610416940445,35.0
7.07,0.8930445284378163,0.015371933070580898,0.8776725953672354,0.9995608019122691,35.0
7.08,0.8930528714126243,0.015380276045388818,0.8776725953672354,0.9995605635415604,35.0
7.09,0.8930611650082414,0.015388569641006032,0.8776725953672354,0.9995603265816856,35.0
7.1,0.8930694092365093,0.015396813869273888,0.8776725953672354,0.9995600910323065,35.0
7.11,0.8930776041133642,0.015405008746128736,0.8776725953672354,0.9995598568929678,35.0
7.12,0.8930857496575525,0.015413154290317017,0.8776725953672354,0.9995596241631338,35.0
7.13,0.8930938458920672,0.015421250524831757,0.8776725953672354,0.9995593928421477,35.0
7.14,0.8931018928437247,0.015429297476489225,0.8776725953672354,0.9995591629292433,35.0
7.15,0.8931098905417014,0.015437295174465925,0.8776725953672354,0.9995589344235867,35.0
7.16,0.8931178390194155,0.0154452436521801,0.8776725953672354,0.9995587073242235,35.0
7.17,0.8931257383138003,0.015453142946564843,0.8776725953672354,0.9995584816300982,35.0
7.18,0.893133588465201,0.015460993097965498,0.8776725953672354,0.9995582573400582,35.0
7.19,0.8931413895170623,0.015468794149826869,0.8776725953672354,0.9995580344528621,35.0
7.2,0.8931491415164808,0.015476546149245471,0.8776725953672354,0.9995578129671645,35.0
7.21,0.8931568445138987,0.015484249146663251,0.8776725953672354,0.999557592881524,35.0
7.22,0.8931644985624595,0.01549190319522405,0.8776725953672354,0.9995573741944223,35.0
7.23,0.8931721037195061,0.015499508352270505,0.8776725953672354,0.9995571569042209,35.0
7.24,0.893179660044944,0.015507064677708524,0.8776725953672354,0.9995569410092083,35.0
7.25,0.8931871676020566,0.015514572234821168,0.8776725953672354,0.9995567265075765,35.0
7.26,0.893194626457067,0.015522031089831615,0.8776725953672354,0.9995565133974333,35.0
7.27,0.8932020366796632,0.015529441312427847,0.8776725953672354,0.9995563016767878,35.0
7.28,0.8932093983422781,0.015536802975042622,0.8776725953672354,0.9995560913435703,35.0
7.29,0.8932167115204395,0.015544116153204003,0.8776725953672354,0.9995558823956228,35.0
7.3,0.8932239762925566,0.015551380925321113,0.8776725953672354,0.9995556748307052,35.0
7.31,0.8932311927403744,0.015558597373138933,0.8776725953672354,0.9995554686464818,35.0
7.32,0.8932383609479947,0.01556576558075929,0.8776725953672354,0.9995552638405497,35.0
7.33,0.8932454810025765,0.015572885635341024,0.8776725953672354,0.9995550604104189,35.0
7.34,0.8932525529942856,0.01557995762705018,0.8776725953672354,0.999554858353513,35.0
7.35,0.893259577015772,0.015586981648536452,0.8776725953672354,0.9995546576671848,35.0
7.36,0.8932665531623232,0.015593957795087777,0.8776725953672354,0.9995544583487118,35.0
7.37,0.893273481532002,0.015600886164766669,0.8776725953672354,0.9995542603952924,35.0
7.38,0.8932803622257194,0.01560776685848383,0.8776725953672354,0.9995540638040434,35.0
7.39,0.8932871953463788,0.015614599979143287,0.8776725953672354,0.9995538685720246,35.0
7.4,0.8932939809997251,0.015621385632489646,0.8776725953672354,0.9995536746962146,35.0
7.41,0.8933007192943472,0.015628123927111794,0.8776725953672354,0.9995534821735111,35.0
7.42,0.8933074103404309,0.015634814973195462,0.8776725953672354,0.999553291000766,35.0
7.43,0.8933140542510375,0.015641458883801983,0.8776725953672354,0.9995531011747486,35.0
7.44,0.8933206511414122,0.015648055774176835,0.8776725953672354,0.9995529126921664,35.0
7.45,0.8933272011291515,0.015654605761915998,0.8776725953672354,0.9995527255496596,35.0
7.46,0.8933337043338445,0.015661108966609064,0.8776725953672354,0.9995525397438112,35.0
7.47,0.8933401608773662,0.015667565510130727,0.8776725953672354,0.9995523552711392,35.0
7.48,0.8933465708841893,0.01567397551695386,0.8776725953672354,0.9995521721280871,35.0
7.49,0.8933529344797989,0.01568033911256351,0.8776725953672354,0.9995519903110696,35.0
7.5,0.8933592517927021,0.015686656425466655,0.8776725953672354,0.9995518098164153,35.0
7.51,0.8933655229532123,0.015692927585976825,0.8776725953672354,0.9995516306404008,35.0
7.52,0.8933717480930433,0.015699152725807946,0.8776725953672354,0.9995514527792627,35.0
7.53,0.893377927346162,0.015705331978926557,0.8776725953672354,0.9995512762291736,35.0
7.54,0.8933840608483615,0.01571146548112609,0.8776725953672354,0.9995511009862537,35.0
7.55,0.8933901487376917,0.015717553370456338,0.8776725953672354,0.9995509270465585,35.0
7.56,0.8933961911529735,0.01572359578573816,0.8776725953672354,0.9995507544061218,35.0
7.57,0.8934021882357196,0.015729592868484153,0.8776725953672354,0.9995505830609005,35.0
7.58,0.8934081401289538,0.015735544761718217,0.8776725953672354,0.999550413006808,35.0
7.59,0.8934140469768163,0.015741451609580823,0.8776725953672354,0.9995502442397263,35.0
7.6,0.893419908925452,0.015747313558216503,0.8776725953672354,0.9995500767554796,35.0
7.61,0.8934257261226611,0.0157531307554256,0.8776725953672354,0.999549910549845,35.0
7.62,0.8934314987178128,0.015758903350577388,0.8776725953672354,0.999549745618555,35.0
7.63,0.8934372268614822,0.015764631494246697,0.8776725953672354,0.9995495819573073,35.0
7.64,0.8934429107059998,0.015770315338764357,0.8776725953672354,0.9995494195617497,35.0
7.65,0.8934485504053319,0.015775955038096517,0.8776725953672354,0.999549258427483,35.0
7.66,0.8934541461142582,0.015781550747022713,0.8776725953672354,0.9995490985500851,35.0
7.67,0.8934596979893911,0.015787102622155547,0.8776725953672354,0.9995489399250813,35.0
7.68,0.893465206188646,0.015792610821410542,0.8776725953672354,0.9995487825479598,35.0
7.69,0.8934706708712308,0.01579807550399528,0.8776725953672354,0.9995486264141715,35.0
7.7,0.8934760921975589,0.01580349683032341,0.8776725953672354,0.9995484715191336,35.0
7.71,0.8934814703296013,0.01580887496236587,0.8776725953672354,0.9995483178582182,35.0
7.72,0.8934868054301578,0.01581421006292238,0.8776725953672354,0.9995481654267737,35.0
7.73,0.8934920976634723,0.015819502296236878,0.8776725953672354,0.9995480142201075,35.0
7.74,0.8934973471949323,0.015824751827696954,0.8776725953672354,0.9995478642334944,35.0
7.75,0.8935025541911211,0.015829958823885652,0.8776725953672354,0.9995477154621747,35.0
7.76,0.8935077188196292,0.0158351234523938,0.8776725953672354,0.9995475679013602,35.0
7.77,0.89351284124917,0.01584024588193447,0.8776725953672354,0.9995474215462306,35.0
7.78,0.8935179216498548,0.015845326282619313,0.8776725953672354,0.9995472763919252,35.0
7.79,0.893522960192278,0.015850364825042457,0.8776725953672354,0.9995471324335703,35.0
7.8,0.893527957048362,0.015855361681126584,0.8776725953672354,0.9995469896662535,35.0
7.81,0.8935329123910483,0.015860317023812888,0.8776725953672354,0.9995468480850339,35.0
7.82,0.8935378263941746,0.015865231026939184,0.8776725953672354,0.9995467076849447,35.0
7.83,0.8935426992324038,0.01587010386516836,0.8776725953672354,0.9995465684609953,35.0
7.84,0.8935475310814239,0.0158749357141884,0.8776725953672354,0.9995464304081662,35.0
7.85,0.8935523221180378,0.01587972675080236,0.8776725953672354,0.9995462935214057,35.0
7.86,0.8935570725193793,0.015884477152143858,0.8776725953672354,0.999546157795653,35.0
7.87,0.8935617824637826,0.015889187096547092,0.8776725953672354,0.999546023225813,35.0
7.88,0.8935664521302775,0.015893856763042072,0.8776725953672354,0.9995458898067703,35.0
7.89,0.8935710816986905,0.01589848633145507,0.8776725953672354,0.999545757533387,35.0
7.9,0.8935756713495009,0.015903075982265417,0.8776725953672354,0.9995456264005067,35.0
7.91,0.8935802212641708,0.01590762589693537,0.8776725953672354,0.9995454964029448,35.0
7.92,0.8935847316244621,0.01591213625722654,0.8776725953672354,0.9995453675355078,35.0
7.93,0.8935892026131537,0.015916607245918164,0.8776725953672354,0.9995452397929738,35.0
7.94,0.8935936344134917,0.015921039046256327,0.8776725953672354,0.999545113170107,35.0
7.95,0.8935980272094718,0.015925431842236323,0.8776725953672354,0.9995449876616505,35.0
7.96,0.8936023811854398,0.015929785818204246,0.8776725953672354,0.999544863262337,35.0
7.97,0.893606696526452,0.015934101159216528,0.8776725953672354,0.9995447399668796,35.0
7.98,0.8936109734182763,0.015938378051040918,0.8776725953672354,0.9995446177699703,35.0
7.99,0.8936152120467854,0.01594261667954999,0.8776725953672354,0.9995444966662985,35.0
8.0,0.8936194125986908,0.015946817231455464,0.8776725953672354,0.9995443766505299,35.0
8.01,0.8936235752611086,0.01595097989387318,0.8776725953672354,0.9995442577173179,35.0
8.02,0.8936277002214077,0.015955104854172314,0.8776725953672354,0.9995441398613093,35.0
8.03,0.8936317876675081,0.015959192300272713,0.8776725953672354,0.999544023077135,35.0
8.04,0.8936358377876723,0.015963242420436938,0.8776725953672354,0.999543907359416,35.0
8.05,0.8936398507706487,0.015967255403413216,0.8776725953672354,0.9995437927027595,35.0
8.06,0.8936438268053866,0.015971231438151146,0.8776725953672354,0.9995436791017671,35.0
8.07,0.8936477660810968,0.015975170713861425,0.8776725953672354,0.9995435665510326,35.0
8.08,0.8936516687875568,0.015979073420321413,0.8776725953672354,0.9995434550451336,35.0
8.09,0.8936555351144632,0.015982939747227812,0.8776725953672354,0.9995433445786507,35.0
8.1,0.8936593652519663,0.01598676988473088,0.8776725953672354,0.9995432351461505,35.0
8.11,0.8936631593904228,0.015990564023187468,0.8776725953672354,0.9995431267421947,35.0
8.12,0.8936669177203959,0.015994322353160555,0.8776725953672354,0.9995430193613383,35.0
8.13,0.8936706404325604,0.015998045065324967,0.8776725953672354,0.9995429129981336,35.0
8.14,0.8936743277177859,0.016001732350550493,0.8776725953672354,0.9995428076471271,35.0
8.15,0.8936779797672644,0.01600538440002897,0.8776725953672354,0.9995427033028563,35.0
8.16,0.8936815967719318,0.016009001404696493,0.8776725953672354,0.9995425999598658,35.0
8.17,0.8936851789230967,0.016012583555861312,0.8776725953672354,0.9995424976126898,35.0
8.18,0.8936887264121495,0.016016131044914055,0.8776725953672354,0.9995423962558595,35.0
8.19,0.8936922394303595,0.01601964406312417,0.8776725953672354,0.9995422958839107,35.0
8.2,0.8936957181692303,0.016023122801994843,0.8776725953672354,0.9995421964913715,35.0
8.21,0.8936991628201789,0.016026567452943584,0.8776725953672354,0.9995420980727729,35.0
8.22,0.8937025735748286,0.016029978207593318,0.8776725953672354,0.9995420006226402,35.0
8.23,0.8937059506244612,0.016033355257225823,0.8776725953672354,0.9995419041355078,35.0
8.24,0.8937092941605094,0.016036698793273994,0.8776725953672354,0.9995418086059064,35.0
8.25,0.8937126043744609,0.016040009007225395,0.8776725953672354,0.999541714028365,35.0
8.26,0.8937158814575187,0.016043286090283347,0.8776725953672354,0.9995416203974204,35.0
8.27,0.893719125600965,0.016046530233729584,0.8776725953672354,0.9995415277076077,35.0
8.28,0.8937223369959333,0.016049741628697885,0.8776725953672354,0.9995414359534657,35.0
8.29,0.8937255158336425,0.016052920466407033,0.8776725953672354,0.9995413451295312,35.0
8.3,0.8937286623047991,0.016056066937563663,0.8776725953672354,0.9995412552303553,35.0
8.31,0.8937317766002493,0.016059181233013843,0.8776725953672354,0.9995411662504853,35.0
8.32,0.8937348589106139,0.016062263543378516,0.8776725953672354,0.9995410781844748,35.0
8.33,0.8937379094263428,0.0160653140591074,0.8776725953672354,0.9995409910268825,35.0
8.34,0.8937409283376798,0.016068332970444417,0.8776725953672354,0.999540904772273,35.0
8.35,0.8937439158347485,0.016071320467513084,0.8776725953672354,0.9995408194152139,35.0
8.36,0.8937468721075086,0.01607427674027323,0.8776725953672354,0.999540734950278,35.0
8.37,0.8937497973454349,0.016077201978199594,0.8776725953672354,0.9995406513720515,35.0
8.38,0.8937526917380604,0.016080096370824994,0.8776725953672354,0.9995405686751192,35.0
8.39,0.893755555474342,0.01608296010710669,0.8776725953672354,0.9995404868540827,35.0
8.4,0.8937583887432576,0.016085793376022266,0.8776725953672354,0.9995404059035422,35.0
8.41,0.8937611917335471,0.016088596366311683,0.8776725953672354,0.9995403258181054,35.0
8.42,0.8937639646333789,0.01609136926614354,0.8776725953672354,0.9995402465923959,35.0
8.43,0.8937667076307395,0.016094112263504178,0.8776725953672354,0.9995401682210427,35.0
8.44,0.8937694209134905,0.0160968255462552,0.8776725953672354,0.9995400906986784,35.0
8.45,0.8937721046688064,0.01609950930157107,0.8776725953672354,0.9995400140199552,35.0
8.46,0.8937747590837598,0.01610216371652445,0.8776725953672354,0.9995399381795279,35.0
8.47,0.8937773843451287,0.016104788977893286,0.8776725953672354,0.9995398631720602,35.0
8.48,0.8937799806389601,0.01610738527172468,0.8776725953672354,0.9995397889922364,35.0
8.49,0.8937825481515032,0.01610995278426782,0.8776725953672354,0.9995397156347352,35.0
8.5,0.8937850870680283,0.016112491700792847,0.8776725953672354,0.9995396430942631,35.0
8.51,0.8937875975737933,0.016115002206557896,0.8776725953672354,0.999539571365527,35.0
8.52,0.8937900798535244,0.016117484486289052,0.8776725953672354,0.9995395004432489,35.0
8.53,0.8937925340915551,0.01611993872431973,0.8776725953672354,0.9995394303221623,35.0
8.54,0.8937949604716517,0.016122365104416277,0.8776725953672354,0.9995393609970167,35.0
8.55,0.8937973591773821,0.016124763810146756,0.8776725953672354,0.9995392924625672,35.0
8.56,0.8937997303914363,0.016127135024200868,0.8776725953672354,0.9995392247135942,35.0
8.57,0.8938020742965274,0.016129478929291948,0.8776725953672354,0.9995391577448773,35.0
8.58,0.8938043910748008,0.016131795707565427,0.8776725953672354,0.9995390915512125,35.0
8.59,0.8938066809075751,0.016134085540339703,0.8776725953672354,0.9995390261274189,35.0
8.6,0.8938089439760246,0.01613634860878922,0.8776725953672354,0.9995389614683203,35.0
8.61,0.8938111804605345,0.01613858509329912,0.8776725953672354,0.9995388975687629,35.0
8.62,0.8938133905412382,0.016140795174002822,0.8776725953672354,0.9995388344235999,35.0
8.63,0.8938155743976586,0.01614297903042314,0.8776725953672354,0.9995387720277022,35.0
8.64,0.8938177322086809,0.016145136841445546,0.8776725953672354,0.9995387103759587,35.0
8.65,0.8938198641527365,0.016147268785501122,0.8776725953672354,0.9995386494632714,35.0
8.66,0.8938219704078324,0.016149375040597096,0.8776725953672354,0.9995385892845544,35.0
8.67,0.8938240511510868,0.016151455783851375,0.8776725953672354,0.999538529834747,35.0
8.68,0.893826106559302,0.01615351119206653,0.8776725953672354,0.9995384711087981,35.0
8.69,0.8938281368087486,0.016155541441513193,0.8776725953672354,0.999538413101671,35.0
8.7,0.8938301420747607,0.01615754670752535,0.8776725953672354,0.9995383558083564,35.0
8.71,0.8938321225326141,0.016159527165378683,0.8776725953672354,0.9995382992238463,35.0
8.72,0.8938340783564536,0.01616148298921822,0.8776725953672354,0.9995382433431651,35.0
8.73,0.8938360097201676,0.016163414352932292,0.8776725953672354,0.9995381881613449,35.0
8.74,0.8938379167969649,0.016165321429729526,0.8776725953672354,0.9995381336734364,35.0
8.75,0.8938397997592957,0.016167204392060406,0.8776725953672354,0.9995380798745125,35.0
8.76,0.8938416587790868,0.016169063411851377,0.8776725953672354,0.9995380267596614,35.0
8.77,0.893843494027619,0.016170898660383563,0.8776725953672354,0.9995379743239889,35.0
8.78,0.8938453056756331,0.01617271030839775,0.8776725953672354,0.9995379225626172,35.0
8.79,0.8938470938929148,0.01617449852567934,0.8776725953672354,0.9995378714706948,35.0
8.8,0.8938488588490541,0.016176263481818665,0.8776725953672354,0.9995378210433765,35.0
8.81,0.8938506007125193,0.01617800534528386,0.8776725953672354,0.9995377712758491,35.0
8.82,0.89385231965137,0.016179724284134667,0.8776725953672354,0.9995377221633104,35.0
8.83,0.89385401583306,0.01618142046582468,0.8776725953672354,0.9995376737009765,35.0
8.84,0.8938556894240405,0.016183094056805035,0.8776725953672354,0.9995376258840913,35.0
8.85,0.8938573405905291,0.0161847452232937,0.8776725953672354,0.9995375787079058,35.0
8.86,0.8938589694976792,0.016186374130443736,0.8776725953672354,0.9995375321677016,35.0
8.87,0.8938605763101076,0.016187980942872247,0.8776725953672354,0.9995374862587751,35.0
8.88,0.8938621611918798,0.01618956582464435,0.8776725953672354,0.9995374409764387,35.0
8.89,0.8938637243059572,0.01619112893872178,0.8776725953672354,0.9995373963160366,35.0
8.9,0.8938652658150879,0.016192670447852442,0.8776725953672354,0.9995373522729185,35.0
8.91,0.8938667858809355,0.0161941905137001,0.8776725953672354,0.9995373088424657,35.0
8.92,0.8938682846646006,0.01619568929736514,0.8776725953672354,0.9995372660200752,35.0
8.93,0.8938697623266005,0.016197166959365045,0.8776725953672354,0.9995372238011611,35.0
8.94,0.893871219026349,0.016198623659113707,0.8776725953672354,0.9995371821811682,35.0
8.95,0.8938726549230079,0.016200059555772525,0.8776725953672354,0.9995371411555494,35.0
8.96,0.893874070174685,0.016201474807449573,0.8776725953672354,0.9995371007197871,35.0
8.97,0.8938754649388244,0.016202869571588924,0.8776725953672354,0.9995370608693832,35.0
8.98,0.8938768393722946,0.016204244005059217,0.8776725953672354,0.9995370215998555,35.0
8.99,0.8938781936308922,0.016205598263656758,0.8776725953672354,0.9995369829067526,35.0
9.0,0.8938795278701372,0.01620693250290184,0.8776725953672354,0.9995369447856314,35.0
9.01,0.893880842244338,0.016208246877102553,0.8776725953672354,0.9995369072320828,35.0
9.02,0.8938821369073746,0.016209541540139327,0.8776725953672354,0.9995368702417103,35.0
9.03,0.8938834120123821,0.01621081664514666,0.8776725953672354,0.9995368338101387,35.0
9.04,0.8938846677114025,0.01621207234416722,0.8776725953672354,0.9995367979330237,35.0
9.05,0.8938859041561603,0.016213308788924942,0.8776725953672354,0.9995367626060307,35.0
9.06,0.8938871214973921,0.016214526130156757,0.8776725953672354,0.9995367278248527,35.0
9.07,0.8938883198850464,0.01621572451781093,0.8776725953672354,0.9995366935852054,35.0
9.08,0.893889499468515,0.01621690410127964,0.8776725953672354,0.9995366598828206,35.0
9.09,0.8938906603960952,0.01621806502885987,0.8776725953672354,0.9995366267134611,35.0
9.1,0.8938918028157183,0.01621920744848297,0.8776725953672354,0.9995365940729005,35.0
9.11,0.8938929268742508,0.0162203315070155,0.8776725953672354,0.9995365619569424,35.0
9.12,0.8938940327178836,0.01622143735064822,0.8776725953672354,0.99953653036141,35.0
9.13,0.8938951204921621,0.01622252512492671,0.8776725953672354,0.9995364992821449,35.0
9.14,0.8938961903415593,0.016223594974323918,0.8776725953672354,0.9995364687150192,35.0
9.15,0.893897242410125,0.01622464704288957,0.8776725953672354,0.9995364386559175,35.0
9.16,0.8938982768409564,0.016225681473720884,0.8776725953672354,0.9995364091007508,35.0
9.17,0.8938992937763194,0.016226698409084018,0.8776725953672354,0.9995363800454548,35.0
9.18,0.8939002933579324,0.016227697990696923,0.8776725953672354,0.9995363514859801,35.0
9.19,0.893901275726359,0.01622868035912368,0.8776725953672354,0.9995363234183108,35.0
9.2,0.8939022410218023,0.01622964565456684,0.8776725953672354,0.999536295838441,35.0
9.21,0.893903189383458,0.01623059401622263,0.8776725953672354,0.9995362687423937,35.0
9.22,0.8939041209497338,0.01623152558249845,0.8776725953672354,0.9995362421262143,35.0
9.23,0.8939050358584228,0.016232440491187466,0.8776725953672354,0.9995362159859661,35.0
9.24,0.8939059342462385,0.016233338879003145,0.8776725953672354,0.9995361903177428,35.0
9.25,0.8939068162494471,0.016234220882211724,0.8776725953672354,0.9995361651176511,35.0
9.26,0.8939076820034132,0.016235086636177808,0.8776725953672354,0.9995361403818235,35.0
9.27,0.8939085316425731,0.016235936275337717,0.8776725953672354,0.9995361161064189,35.0
9.28,0.8939093653008345,0.016236769933599085,0.8776725953672354,0.9995360922876114,35.0
9.29,0.8939101831110207,0.01623758774378531,0.8776725953672354,0.9995360689216061,35.0
9.3,0.8939109852055047,0.016238389838269293,0.8776725953672354,0.9995360460046209,35.0
9.31,0.8939117717156914,0.016239176348456008,0.8776725953672354,0.9995360235329013,35.0
9.32,0.8939125427721779,0.01623994740494255,0.8776725953672354,0.9995360015027159,35.0
9.33,0.8939132985049667,0.016240703137731276,0.8776725953672354,0.9995359799103505,35.0
9.34,0.8939140390429371,0.01624144367570173,0.8776725953672354,0.9995359587521228,35.0
9.35,0.8939147645145528,0.016242169147317468,0.8776725953672354,0.9995359380243624,35.0
9.36,0.8939154750474111,0.01624287968017573,0.8776725953672354,0.9995359177234235,35.0
9.37,0.8939161707681297,0.01624357540089432,0.8776725953672354,0.9995358978456887,35.0
9.38,0.8939168518028409,0.016244256435605484,0.8776725953672354,0.9995358783875541,35.0
9.39,0.8939175182765344,0.016244922909298982,0.8776725953672354,0.9995358593454486,35.0
9.4,0.893918170313827,0.016245574946591554,0.8776725953672354,0.9995358407158117,35.0
9.41,0.8939188080383677,0.01624621267113228,0.8776725953672354,0.9995358224951105,35.0
9.42,0.893919431572955,0.016246836205719477,0.8776725953672354,0.9995358046798366,35.0
9.43,0.8939200410398077,0.01624744567257235,0.8776725953672354,0.9995357872664979,35.0
9.44,0.8939206365601002,0.016248041192864823,0.8776725953672354,0.9995357702516324,35.0
9.45,0.8939212182545244,0.016248622887289003,0.8776725953672354,0.9995357536317918,35.0
9.46,0.8939217862429718,0.01624919087573645,0.8776725953672354,0.9995357374035504,35.0
9.47,0.8939223406443163,0.01624974527708081,0.8776725953672354,0.9995357215635119,35.0
9.48,0.8939228815769918,0.016250286209756406,0.8776725953672354,0.9995357061082927,35.0
9.49,0.893923409158283,0.016250813791047692,0.8776725953672354,0.9995356910345414,35.0
9.5,0.8939239235050934,0.01625132813785805,0.8776725953672354,0.9995356763389183,35.0
9.51,0.8939244247334677,0.016251829366232234,0.8776725953672354,0.9995356620181076,35.0
9.52,0.8939249129585294,0.016252317591293964,0.8776725953672354,0.9995356480688202,35.0
9.53,0.8939253882948041,0.016252792927568743,0.8776725953672354,0.9995356344877837,35.0
9.54,0.8939258508560243,0.016253255488788844,0.8776725953672354,0.9995356212717489,35.0
9.55,0.8939263007550757,0.01625370538784028,0.8776725953672354,0.9995356084174903,35.0
9.56,0.8939267381043077,0.016254142737072295,0.8776725953672354,0.999535595921798,35.0
9.57,0.8939271630151097,0.016254567647874228,0.8776725953672354,0.9995355837814893,35.0
9.58,0.8939275755982728,0.016254980231037466,0.8776725953672354,0.9995355719933988,35.0
9.59,0.8939279759636132,0.016255380596377746,0.8776725953672354,0.9995355605543892,35.0
9.6,0.8939283642204877,0.01625576885325233,0.8776725953672354,0.9995355494613357,35.0
9.61,0.8939287404774845,0.01625614511024904,0.8776725953672354,0.9995355387111357,35.0
9.62,0.8939291048422277,0.016256509474992277,0.8776725953672354,0.9995355283007146,35.0
9.63,0.8939294574218442,0.01625686205460879,0.8776725953672354,0.9995355182270111,35.0
9.64,0.8939297983225047,0.01625720295526944,0.8776725953672354,0.9995355084869922,35.0
9.65,0.8939301276498289,0.01625753228259357,0.8776725953672354,0.9995354990776402,35.0
9.66,0.8939304455087557,0.016257850141520296,0.8776725953672354,0.9995354899959566,35.0
9.67,0.8939307520032604,0.016258156636025107,0.8776725953672354,0.9995354812389707,35.0
9.68,0.8939310472368098,0.016258451869574503,0.8776725953672354,0.9995354728037265,35.0
9.69,0.8939313313120695,0.016258735944834096,0.8776725953672354,0.9995354646872905,35.0
9.7,0.8939316043309131,0.016259008963677612,0.8776725953672354,0.999535456886752,35.0
9.71,0.8939318663947046,0.016259271027469206,0.8776725953672354,0.9995354493992151,35.0
9.72,0.8939321176038914,0.01625952223665589,0.8776725953672354,0.9995354422218098,35.0
9.73,0.893932358058357,0.016259762691121622,0.8776725953672354,0.9995354353516823,35.0
9.74,0.8939325878570606,0.016259992489825324,0.8776725953672354,0.999535428786005,35.0
9.75,0.8939328070985105,0.01626021173127515,0.8776725953672354,0.9995354225219636,35.0
9.76,0.8939330158804454,0.016260420513209983,0.8776725953672354,0.9995354165567655,35.0
9.77,0.8939332142998966,0.01626061893266119,0.8776725953672354,0.9995354108876382,35.0
9.78,0.8939334024531113,0.016260807085875774,0.8776725953672354,0.9995354055118321,35.0
9.79,0.8939335804357021,0.01626098506846673,0.8776725953672354,0.9995354004266153,35.0
9.8,0.8939337483426613,0.016261152975425887,0.8776725953672354,0.9995353956292735,35.0
9.81,0.8939339062680826,0.016261310900847183,0.8776725953672354,0.9995353911171186,35.0
9.82,0.8939340543056558,0.01626145893842035,0.8776725953672354,0.9995353868874737,35.0
9.83,0.8939341925483362,0.01626159718110077,0.8776725953672354,0.9995353829376828,35.0
9.84,0.8939343210882128,0.016261725720977484,0.8776725953672354,0.9995353792651149,35.0
9.85,0.8939344400168929,0.01626184464965749,0.8776725953672354,0.9995353758671526,35.0
9.86,0.8939345494251321,0.01626195405789677,0.8776725953672354,0.999535372741203,35.0
9.87,0.8939346494031741,0.016262054035938667,0.8776725953672354,0.9995353698846874,35.0
9.88,0.8939347400406088,0.016262144673373467,0.8776725953672354,0.9995353672950464,35.0
9.89,0.8939348214262963,0.016262226059060955,0.8776725953672354,0.9995353649697412,35.0
9.9,0.8939348936484512,0.016262298281215844,0.8776725953672354,0.9995353629062509,35.0
9.91,0.893934956794523,0.016262361427287545,0.8776725953672354,0.9995353611020774,35.0
9.92,0.8939350109514828,0.016262415584247302,0.8776725953672354,0.9995353595547358,35.0
9.93,0.8939350562056531,0.016262460838417654,0.8776725953672354,0.9995353582617594,35.0
9.94,0.893935092642583,0.01626249727534757,0.8776725953672354,0.9995353572207043,35.0
9.95,0.8939351203472543,0.016262524980018997,0.8776725953672354,0.9995353564291424,35.0
9.96,0.8939351394040934,0.01626254403685804,0.8776725953672354,0.9995353558846612,35.0
9.97,0.893935149896617,0.016262554529381582,0.8776725953672354,0.9995353555848748,35.0
9.98,0.8939351519080544,0.016262556540818984,0.8776725953672354,0.9995353555274051,35.0
9.99,0.8939351455208344,0.016262550153599,0.8776725953672354,0.9995353557098972,35.0
10.0,0.8939351308168625,0.01626253544962708,0.8776725953672354,0.9995353561300107,35.0
