t_s,pG_pu,Pm_abs_pu_sysbase,Pm_initial_pu_sysbase
0.0,0.0,8.316369501535098,8.316369501535098
0.01,0.0,8.316369501535098,8.316369501535098
0.02,0.0,8.316369501535098,8.316369501535098
0.03,0.0,8.316369501535098,8.316369501535098
0.04,0.0,8.316369501535098,8.316369501535098
0.05,0.0,8.316369501535098,8.316369501535098
0.06,0.0,8.316369501535098,8.316369501535098
0.07,0.0,8.316369501535098,8.316369501535098
0.08,0.0,8.316369501535098,8.316369501535098
0.09,0.0,8.316369501535098,8.316369501535098
0.1,0.0,8.316369501535098,8.316369501535098
0.11,0.0,8.316369501535098,8.316369501535098
0.12,0.0,8.316369501535098,8.316369501535098
0.13,0.0,8.316369501535098,8.316369501535098
0.14,0.0,8.316369501535098,8.316369501535098
0.15,0.0,8.316369501535098,8.316369501535098
0.16,0.0,8.316369501535098,8.316369501535098
0.17,0.0,8.316369501535098,8.316369501535098
0.18,0.0,8.316369501535098,8.316369501535098
0.19,0.0,8.316369501535098,8.316369501535098
0.2,0.0,8.316369501535098,8.316369501535098
0.21,0.00017722794377483808,8.316546729478873,8.316369501535098
0.22,0.0005191580810279817,8.316888659616126,8.316369501535098
0.23,0.0009110001034393633,8.317280501638537,8.316369501535098
0.24,0.0012666758777708509,8.317636177412869,8.316369501535098
0.25,0.0015509097419581508,8.317920411277056,8.316369501535098
0.26,0.0017187222630621335,8.31808822379816,8.316369501535098
0.27,0.0017519859809826954,8.31812148751608,8.316369501535098
0.28,0.0016342278363516982,8.31800372937145,8.316369501535098
0.29,0.0013556574631561347,8.317725158998254,8.316369501535098
0.3,0.0009100625900426706,8.31727956412514,8.316369501535098
0.31,0.0008242018526711803,8.317193703387769,8.316369501535098
0.32,0.0012924578215045557,8.317661959356602,8.316369501535098
0.33,0.0023529511079853904,8.318722452643083,8.316369501535098
0.34,0.004022982572658762,8.320392484107757,8.316369501535098
0.35,0.006275472960007633,8.322644974495105,8.316369501535098
0.36,0.009099042358240439,8.325468543893338,8.316369501535098
0.37,0.012466387073301277,8.328835888608399,8.316369501535098
0.38,0.016349395783258558,8.332718897318356,8.316369501535098
0.39,0.020716094006772323,8.33708559554187,8.316369501535098
0.4,0.025535299545616397,8.341904801080714,8.316369501535098
0.41,0.03077310068920447,8.347142602224302,8.316369501535098
0.42,0.036394633887256944,8.352764135422355,8.316369501535098
0.43,0.04236388712590866,8.358733388661006,8.316369501535098
0.44,0.04864374178355568,8.365013243318653,8.316369501535098
0.45,0.05519613413994762,8.371565635675045,8.316369501535098
0.46,0.06198203030622906,8.378351531841327,8.316369501535098
0.47,0.06896170244640487,8.385331203981503,8.316369501535098
0.48,0.0760949076263433,8.392464409161441,8.316369501535098
0.49,0.0833411201125589,8.399710621647657,8.316369501535098
0.5,0.09065978881394798,8.407029290349046,8.316369501535098
0.51,0.09801061129846644,8.414380112833564,8.316369501535098
0.52,0.10535379923916999,8.421723300774268,8.316369501535098
0.53,0.11265045288682707,8.429019954421925,8.316369501535098
0.54,0.11986273466206576,8.436232236197164,8.316369501535098
0.55,0.12695430319418755,8.443323804729285,8.316369501535098
0.56,0.13389052242653676,8.450260023961635,8.316369501535098
0.57,0.14063875567615014,8.457008257211248,8.316369501535098
0.58,0.14716868121066717,8.463538182745765,8.316369501535098
0.59,0.1534525307750343,8.469822032310132,8.316369501535098
0.6,0.15946531449679924,8.475834816031897,8.316369501535098
0.61,0.1651849692496139,8.481554470784712,8.316369501535098
0.62,0.17059258562831126,8.486962087163409,8.316369501535098
0.63,0.17567244480859578,8.492041946343694,8.316369501535098
0.64,0.18041209102185718,8.496781592556955,8.316369501535098
0.65,0.18480236811709894,8.501171869652197,8.316369501535098
0.66,0.1888373286830145,8.505206830218112,8.316369501535098
0.67,0.19251418117052133,8.50888368270562,8.316369501535098
0.68,0.19583315656083577,8.512202658095934,8.316369501535098
0.69,0.19879733911358421,8.515166840648682,8.316369501535098
0.7,0.20141248902618436,8.517781990561282,8.316369501535098
0.71,0.20368680456441624,8.520056306099514,8.316369501535098
0.72,0.20563071958391888,8.522000221119017,8.316369501535098
0.73,0.20725662720094817,8.523626128736046,8.316369501535098
0.74,0.2085786532251337,8.524948154760231,8.316369501535098
0.75,0.20961238340580834,8.525981884940906,8.316369501535098
0.76,0.2103746136379474,8.526744115173045,8.316369501535098
0.77,0.21088313578517237,8.52725263732027,8.316369501535098
0.78,0.21115644360742536,8.527525945142523,8.316369501535098
0.79,0.21121354887896082,8.527583050414059,8.316369501535098
0.8,0.21107374172948568,8.527443243264583,8.316369501535098
0.81,0.21075643578814862,8.527125937323246,8.316369501535098
0.82,0.21028092975361545,8.526650431288713,8.316369501535098
0.83,0.20966625894075896,8.526035760475857,8.316369501535098
0.84,0.20893108588931675,8.525300587424415,8.316369501535098
0.85,0.2080935129779089,8.524463014513007,8.316369501535098
0.86,0.2071709980864771,8.523540499621575,8.316369501535098
0.87,0.20618024092910048,8.522549742464198,8.316369501535098
0.88,0.20513713170048753,8.521506633235585,8.316369501535098
0.89,0.20405663408661212,8.52042613562171,8.316369501535098
0.9,0.20295276783528138,8.51932226937038,8.316369501535098
0.91,0.20183855226131264,8.51820805379641,8.316369501535098
0.92,0.20072598266500918,8.517095484200107,8.316369501535098
0.93,0.19962600710377565,8.515995508638873,8.316369501535098
0.94,0.1985485326517331,8.514918034186831,8.316369501535098
0.95,0.1975024035798736,8.513871905114971,8.316369501535098
0.96,0.19649543254221413,8.512864934077312,8.316369501535098
0.97,0.19553440150754753,8.511903903042645,8.316369501535098
0.98,0.19462508794289768,8.510994589477995,8.316369501535098
0.99,0.19377230245212118,8.510141803987219,8.316369501535098
1.0,0.192979911515458,8.509349413050556,8.316369501535098
1.01,0.19225087932328222,8.50862038085838,8.316369501535098
1.02,0.19158730866263518,8.507956810197733,8.316369501535098
1.03,0.1909904839722305,8.507359985507328,8.316369501535098
1.04,0.19046091872312587,8.506830420258224,8.316369501535098
1.05,0.18999840602360507,8.506367907558703,8.316369501535098
1.06,0.1896020680653816,8.50597156960048,8.316369501535098
1.07,0.18927040960701902,8.505639911142117,8.316369501535098
1.08,0.18900136900473008,8.505370870539828,8.316369501535098
1.09,0.18879237380254743,8.505161875337645,8.316369501535098
1.1,0.18864039875366245,8.50500990028876,8.316369501535098
1.11,0.18854201292343653,8.504911514458534,8.316369501535098
1.12,0.18849343845889166,8.50486293999399,8.316369501535098
1.13,0.18849060284272134,8.50486010437782,8.316369501535098
1.14,0.18852919254727318,8.504898694082371,8.316369501535098
1.15,0.18860470241072136,8.50497420394582,8.316369501535098
1.16,0.1887124857840714,8.50508198731917,8.316369501535098
1.17,0.18884780635149134,8.50521730788659,8.316369501535098
1.18,0.1890058781509829,8.50537537968608,8.316369501535098
1.19,0.1891819127983716,8.50555141433347,8.316369501535098
1.2,0.1893711607105999,8.505740662245698,8.316369501535098
1.21,0.18956895326912537,8.505938454804223,8.316369501535098
1.22,0.18977073118679577,8.506140232721894,8.316369501535098
1.23,0.18997208267070853,8.506341584205806,8.316369501535098
1.24,0.19016877091236317,8.506538272447461,8.316369501535098
1.25,0.19035676873502538,8.506726270270123,8.316369501535098
1.26,0.1905322692354403,8.506901770770538,8.316369501535098
1.27,0.19069171776601834,8.507061219301116,8.316369501535098
1.28,0.19083182167437585,8.507201323209474,8.316369501535098
1.29,0.1909495673937549,8.507319068928853,8.316369501535098
1.3,0.19104223547298638,8.507411737008084,8.316369501535098
1.31,0.1911073998162518,8.50747690135135,8.316369501535098
1.32,0.19114293864573462,8.507512440180832,8.316369501535098
1.33,0.19114703542796718,8.507516536963065,8.316369501535098
1.34,0.1911181761426448,8.507487677677743,8.316369501535098
1.35,0.19105515040006438,8.507424651935162,8.316369501535098
1.36,0.190957041082072,8.50732654261717,8.316369501535098
1.37,0.19082321918626377,8.507192720721362,8.316369501535098
1.38,0.19065333387021255,8.50702283540531,8.316369501535098
1.39,0.19044730065368043,8.506816802188778,8.316369501535098
1.4,0.19020528809813975,8.506574789633238,8.316369501535098
1.41,0.18992770362620703,8.506297205161305,8.316369501535098
1.42,0.18961517730456556,8.505984678839663,8.316369501535098
1.43,0.1892685458279626,8.50563804736306,8.316369501535098
1.44,0.18888883372705934,8.505258335262157,8.316369501535098
1.45,0.18847723685917295,8.50484673839427,8.316369501535098
1.46,0.18803510328715767,8.504404604822255,8.316369501535098
1.47,0.18756391145348594,8.503933412988584,8.316369501535098
1.48,0.18706525779545302,8.50343475933055,8.316369501535098
1.49,0.18654083198187976,8.502910333516978,8.316369501535098
1.5,0.18599240136064132,8.50236190289574,8.316369501535098
1.51,0.18542178821690314,8.501791289752001,8.316369501535098
1.52,0.18483086107579538,8.501200362610893,8.316369501535098
1.53,0.1842215100044058,8.500591011539504,8.316369501535098
1.54,0.18359562855474643,8.499965130089844,8.316369501535098
1.55,0.1829551064307946,8.499324607965892,8.316369501535098
1.56,0.18230180727029932,8.498671308805397,8.316369501535098
1.57,0.18163755870570952,8.498007060240807,8.316369501535098
1.58,0.18096413895856323,8.497333640493661,8.316369501535098
1.59,0.18028326124419713,8.496652762779295,8.316369501535098
1.6,0.17959656919334144,8.49596607072844,8.316369501535098
1.61,0.17890562286963885,8.495275124404737,8.316369501535098
1.62,0.17821189267057846,8.494581394205676,8.316369501535098
1.63,0.1775167501598478,8.493886251694946,8.316369501535098
1.64,0.17682146377161168,8.49319096530671,8.316369501535098
1.65,0.17612719172092106,8.492496693256019,8.316369501535098
1.66,0.1754349797940975,8.491804481329195,8.316369501535098
1.67,0.17474575829981376,8.491115259834912,8.316369501535098
1.68,0.1740603401457701,8.490429841680868,8.316369501535098
1.69,0.17337942029771902,8.489748921832817,8.316369501535098
1.7,0.1727035756250448,8.489073077160143,8.316369501535098
1.71,0.17203326671413954,8.488402768249237,8.316369501535098
1.72,0.1713688404540168,8.487738341989115,8.316369501535098
1.73,0.17071053240897882,8.487080033944077,8.316369501535098
1.74,0.17005847102413796,8.486427972559236,8.316369501535098
1.75,0.16941268210583615,8.485782183640934,8.316369501535098
1.76,0.16877309407442276,8.48514259560952,8.316369501535098
1.77,0.16813954402769227,8.48450904556279,8.316369501535098
1.78,0.16751178369578312,8.483881285230881,8.316369501535098
1.79,0.16688948653694524,8.483258988072043,8.316369501535098
1.8,0.16627225498820053,8.482641756523298,8.316369501535098
1.81,0.1656596275879565,8.482029129123054,8.316369501535098
1.82,0.16505108668916435,8.481420588224262,8.316369501535098
1.83,0.16444606730832945,8.480815568843427,8.316369501535098
1.84,0.1638439636587723,8.48021346519387,8.316369501535098
1.85,0.16324413793478243,8.47961363946988,8.316369501535098
1.86,0.16264592832227898,8.479015429857377,8.316369501535098
1.87,0.16204865602956353,8.478418157564661,8.316369501535098
1.88,0.16145163438243593,8.477821135917534,8.316369501535098
1.89,0.16085417452936213,8.47722367606446,8.316369501535098
1.9,0.16025559373690257,8.476625095272,8.316369501535098
1.91,0.15965522229422469,8.476024723829322,8.316369501535098
1.92,0.1590524088510339,8.475421910386132,8.316369501535098
1.93,0.1584465276399527,8.47481602917505,8.316369501535098
1.94,0.15783698312008276,8.47420648465518,8.316369501535098
1.95,0.15722321594406097,8.473592717479159,8.316369501535098
1.96,0.15660470708727026,8.472974208622368,8.316369501535098
1.97,0.15598098178865527,8.472350483323753,8.316369501535098
1.98,0.15535161314392631,8.471721114679024,8.316369501535098
1.99,0.1547162250927574,8.471085726627855,8.316369501535098
2.0,0.15407449556473374,8.470443997099832,8.316369501535098
2.01,0.1534261570056632,8.469795658540761,8.316369501535098
2.02,0.1527709987782977,8.469140500313395,8.316369501535098
2.03,0.15210886735857798,8.468478368893676,8.316369501535098
2.04,0.1514396669998952,8.467809168534993,8.316369501535098
2.05,0.15076335909690108,8.467132860631999,8.316369501535098
2.06,0.15007996163983783,8.466449463174936,8.316369501535098
2.07,0.14938954793651504,8.465759049471613,8.316369501535098
2.08,0.14869224498800193,8.4650617465231,8.316369501535098
2.09,0.14798823125706306,8.46435773279216,8.316369501535098
2.1,0.14727773455233972,8.463647236087438,8.316369501535098
2.11,0.14656102861783005,8.462930530152928,8.316369501535098
2.12,0.14583843079495296,8.46220793233005,8.316369501535098
2.13,0.1451102980536927,8.46147979958879,8.316369501535098
2.14,0.14437702363590432,8.460746525171002,8.316369501535098
2.15,0.14363903336129802,8.460008534896396,8.316369501535098
2.16,0.14289678141911644,8.459266282954214,8.316369501535098
2.17,0.14215074617722578,8.458520247712324,8.316369501535098
2.18,0.141401426491214,8.457770928026312,8.316369501535098
2.19,0.14064933760928966,8.457018839144387,8.316369501535098
2.2,0.13989500602875538,8.456264507563853,8.316369501535098
2.21,0.13913896665054004,8.455508468185638,8.316369501535098
2.22,0.13838175777165773,8.454751259306756,8.316369501535098
2.23,0.13762391768985616,8.453993419224954,8.316369501535098
2.24,0.136865980245501,8.453235481780599,8.316369501535098
2.25,0.13610847211103305,8.45247797364613,8.316369501535098
2.26,0.1353519080594836,8.451721409594581,8.316369501535098
2.27,0.13459678875798176,8.45096629029308,8.316369501535098
2.28,0.13384359738665808,8.450213098921756,8.316369501535098
2.29,0.1330927969236697,8.449462298458768,8.316369501535098
2.3,0.13234482754743304,8.44871432908253,8.316369501535098
2.31,0.13160010379713682,8.447969605332235,8.316369501535098
2.32,0.1308590139476955,8.447228515482793,8.316369501535098
2.33,0.1301219173028283,8.446491418837926,8.316369501535098
2.34,0.129389143199532,8.44575864473463,8.316369501535098
2.35,0.1286609898205313,8.445030491355629,8.316369501535098
2.36,0.12793772365810163,8.4443072251932,8.316369501535098
2.37,0.12721957854142474,8.443589080076523,8.316369501535098
2.38,0.12650675611396522,8.442876257649063,8.316369501535098
2.39,0.12579942541426448,8.442168926949362,8.316369501535098
2.4,0.1250977233760846,8.441467224911182,8.316369501535098
2.41,0.12440175549545529,8.440771257030553,8.316369501535098
2.42,0.1237115965715816,8.44008109810668,8.316369501535098
2.43,0.12302729178568228,8.43939679332078,8.316369501535098
2.44,0.12234885795517769,8.438718359490275,8.316369501535098
2.45,0.12167628501499728,8.438045786550095,8.316369501535098
2.46,0.1210095375639959,8.437379039099094,8.316369501535098
2.47,0.12034855667972089,8.436718058214819,8.316369501535098
2.48,0.11969326172173922,8.436062763256837,8.316369501535098
2.49,0.1190435523373754,8.435413053872473,8.316369501535098
2.5,0.11839931052042374,8.434768812055522,8.316369501535098
2.51,0.11776040275045929,8.434129904285557,8.316369501535098
2.52,0.1171266819932324,8.43349618352833,8.316369501535098
2.53,0.11649799018807805,8.432867491723176,8.316369501535098
2.54,0.1158741600738118,8.43224366160891,8.316369501535098
2.55,0.11525501745957634,8.431624518994674,8.316369501535098
2.56,0.11464038340411697,8.431009884939215,8.316369501535098
2.57,0.11403007612227256,8.43039957765737,8.316369501535098
2.58,0.11342391317486289,8.42979341470996,8.316369501535098
2.59,0.11282171311014721,8.429191214645245,8.316369501535098
2.6,0.11222329734168035,8.428592798876778,8.316369501535098
2.61,0.11162849207855707,8.427997993613655,8.316369501535098
2.62,0.11103712943379129,8.427406630968889,8.316369501535098
2.63,0.11044904919748078,8.426818550732579,8.316369501535098
2.64,0.1098640999794398,8.426233601514538,8.316369501535098
2.65,0.10928214040940354,8.425651641944501,8.316369501535098
2.66,0.1087030401248903,8.425072541659988,8.316369501535098
2.67,0.10812668061744368,8.424496182152541,8.316369501535098
2.68,0.1075529559648345,8.423922457499932,8.316369501535098
2.69,0.10698177333453707,8.423351274869635,8.316369501535098
2.7,0.10641305339313867,8.422782554928236,8.316369501535098
2.71,0.10584673066764694,8.422216232202745,8.316369501535098
2.72,0.10528275348314864,8.421652255018246,8.316369501535098
2.73,0.10472108406353087,8.421090585598629,8.316369501535098
2.74,0.10416169835866462,8.420531199893762,8.316369501535098
2.75,0.1036045857565231,8.419974087291621,8.316369501535098
2.76,0.10304974870525285,8.41941925024035,8.316369501535098
2.77,0.10249720221596093,8.418866703751059,8.316369501535098
2.78,0.10194697327560753,8.418316474810705,8.316369501535098
2.79,0.10139910016071418,8.417768601695812,8.316369501535098
2.8,0.10085363170479944,8.417223133239897,8.316369501535098
2.81,0.10031062646807243,8.41668012800317,8.316369501535098
2.82,0.0997701517946723,8.41613965332977,8.316369501535098
2.83,0.09923228304450937,8.415601784579607,8.316369501535098
2.84,0.09869710249416386,8.415066604029262,8.316369501535098
2.85,0.09816469845563525,8.414534199990733,8.316369501535098
2.86,0.09763516421615748,8.414004665751255,8.316369501535098
2.87,0.09710859709693587,8.413478098632034,8.316369501535098
2.88,0.0965850974361171,8.412954598971215,8.316369501535098
2.89,0.09606476762332683,8.412434269158425,8.316369501535098
2.9,0.09554771111217342,8.411917212647271,8.316369501535098
2.91,0.09503403164858426,8.411403533183682,8.316369501535098
2.92,0.09452383218463645,8.410893333719734,8.316369501535098
2.93,0.09401721413154007,8.410386715666638,8.316369501535098
2.94,0.09351427663987266,8.40988377817497,8.316369501535098
2.95,0.09301511575547394,8.409384617290572,8.316369501535098
2.96,0.09251982386233237,8.40888932539743,8.316369501535098
2.97,0.0920284889688503,8.408397990503948,8.316369501535098
2.98,0.09154119426949237,8.40791069580459,8.316369501535098
2.99,0.09105801758147969,8.407427519116577,8.316369501535098
3.0,0.09057903102107545,8.406948532556173,8.316369501535098
3.01,0.09010430061013075,8.406473802145229,8.316369501535098
3.02,0.08963388605484823,8.406003387589946,8.316369501535098
3.03,0.08916784053048943,8.405537342065587,8.316369501535098
3.04,0.08870621054759376,8.405075712082692,8.316369501535098
3.05,0.088249035959306,8.404618537494404,8.316369501535098
3.06,0.0877963498179124,8.40416585135301,8.316369501535098
3.07,0.08734817859402888,8.403717680129127,8.316369501535098
3.08,0.08690454220132438,8.403274043736422,8.316369501535098
3.09,0.08646545419779272,8.40283495573289,8.316369501535098
3.1,0.08603092199862239,8.40240042353372,8.316369501535098
3.11,0.08560094712908928,8.401970448664187,8.316369501535098
3.12,0.08517552553788654,8.401545027072984,8.316369501535098
3.13,0.0847546479316943,8.401124149466792,8.316369501535098
3.14,0.08433830013074228,8.40070780166584,8.316369501535098
3.15,0.083926463473178,8.400295965008276,8.316369501535098
3.16,0.08351911520739819,8.399888616742496,8.316369501535098
3.17,0.08311622892545678,8.399485730460555,8.316369501535098
3.18,0.08271777499405708,8.399087276529155,8.316369501535098
3.19,0.08232372099124063,8.398693222526338,8.316369501535098
3.2,0.08193403215049777,8.398303533685596,8.316369501535098
3.21,0.0815486717845495,8.397918173319647,8.316369501535098
3.22,0.08116760174405435,8.397537103279152,8.316369501535098
3.23,0.08079078276294105,8.397160284298039,8.316369501535098
3.24,0.0804181749449846,8.396787676480082,8.316369501535098
3.25,0.08004973810435168,8.39641923963945,8.316369501535098
3.26,0.07968543212877499,8.396054933663873,8.316369501535098
3.27,0.07932521732359277,8.39569471885869,8.316369501535098
3.28,0.07896905474620297,8.3953385562813,8.316369501535098
3.29,0.07861690640567787,8.394986407940776,8.316369501535098
3.3,0.07826873565255532,8.394638237187653,8.316369501535098
3.31,0.07792450732687328,8.394294008861971,8.316369501535098
3.32,0.07758418794747435,8.393953689482572,8.316369501535098
3.33,0.07724774592940697,8.393617247464505,8.316369501535098
3.34,0.0769151516734432,8.393284653208541,8.316369501535098
3.35,0.07658637771055332,8.392955879245651,8.316369501535098
3.36,0.07626139873975646,8.392630900274854,8.316369501535098
3.37,0.07594019171254196,8.39230969324764,8.316369501535098
3.38,0.07562273583571155,8.39199223737081,8.316369501535098
3.39,0.0753090125465441,8.391678514081642,8.316369501535098
3.4,0.0749990055113976,8.391368507046495,8.316369501535098
3.41,0.07469270055449684,8.391062202089595,8.316369501535098
3.42,0.0743900855812214,8.39075958711632,8.316369501535098
3.43,0.07409115047857462,8.390460652013672,8.316369501535098
3.44,0.07379588700317896,8.390165388538277,8.316369501535098
3.45,0.07350428864977232,8.38987379018487,8.316369501535098
3.46,0.07321635050930908,8.389585852044407,8.316369501535098
3.47,0.07293206910580885,8.389301570640907,8.316369501535098
3.48,0.07265144224542652,8.389020943780524,8.316369501535098
3.49,0.0723744688360135,8.388743970371111,8.316369501535098
3.5,0.07210114871474715,8.388470650249845,8.316369501535098
3.51,0.0718314824702091,8.388200984005307,8.316369501535098
3.52,0.07156547126451684,8.387934972799615,8.316369501535098
3.53,0.07130311665577338,8.387672618190871,8.316369501535098
3.54,0.07104442042321146,8.38741392195831,8.316369501535098
3.55,0.07078938440022675,8.387158885935325,8.316369501535098
3.56,0.07053801031148943,8.386907511846587,8.316369501535098
3.57,0.07029029961573485,8.386659801150833,8.316369501535098
3.58,0.07004625336233694,8.386415754897435,8.316369501535098
3.59,0.0698058720552055,8.386175373590303,8.316369501535098
3.6,0.06956915552638954,8.385938657061487,8.316369501535098
3.61,0.0693361028256092,8.385705604360707,8.316369501535098
3.62,0.0691067121149107,8.385476213650009,8.316369501535098
3.63,0.06888098058607994,8.385250482121178,8.316369501535098
3.64,0.06865890438576905,8.385028405920867,8.316369501535098
3.65,0.0684404785427759,8.384809980077874,8.316369501535098
3.66,0.06822569693643565,8.384595198471533,8.316369501535098
3.67,0.0680145522525013,8.384384053787599,8.316369501535098
3.68,0.0678070359525833,8.384176537487681,8.316369501535098
3.69,0.06760313827908071,8.383972639814179,8.316369501535098
3.7,0.06740284825573184,8.38377234979083,8.316369501535098
3.71,0.0672061536732933,8.383575655208391,8.316369501535098
3.72,0.06701304115387607,8.383382542688974,8.316369501535098
3.73,0.06682349616366778,8.383192997698766,8.316369501535098
3.74,0.06663750304281457,8.383007004577912,8.316369501535098
3.75,0.06645504507447875,8.382824546609577,8.316369501535098
3.76,0.06627610455334931,8.382645606088447,8.316369501535098
3.77,0.06610066279692539,8.382470164332023,8.316369501535098
3.78,0.06592870029246534,8.382298201827563,8.316369501535098
3.79,0.06576019669070199,8.3821296982258,8.316369501535098
3.8,0.06559513094446423,8.381964632479562,8.316369501535098
3.81,0.06543348137198102,8.381802982907079,8.316369501535098
3.82,0.06527522569068012,8.381644727225778,8.316369501535098
3.83,0.06512034117419851,8.381489842709296,8.316369501535098
3.84,0.0649688046982746,8.381338306233372,8.316369501535098
3.85,0.0648205927773624,8.38119009431246,8.316369501535098
3.86,0.06467568173663985,8.381045183271738,8.316369501535098
3.87,0.06453404768775606,8.380903549222854,8.316369501535098
3.88,0.06439566667708085,8.380765168212179,8.316369501535098
3.89,0.06426051473234295,8.38063001626744,8.316369501535098
3.9,0.06412856787724053,8.380498069412338,8.316369501535098
3.91,0.0639998022781949,8.380369303813293,8.316369501535098
3.92,0.06387419423277407,8.380243695767872,8.316369501535098
3.93,0.06375172022953102,8.380121221764629,8.316369501535098
3.94,0.06363235702560388,8.380001858560702,8.316369501535098
3.95,0.06351608164446532,8.379885583179563,8.316369501535098
3.96,0.0634028714136381,8.379772372948736,8.316369501535098
3.97,0.0632927040187301,8.379662205553828,8.316369501535098
3.98,0.0631855575093585,8.379555059044456,8.316369501535098
3.99,0.06308141027103531,8.379450911806133,8.316369501535098
4.0,0.06298024111761791,8.379349742652716,8.316369501535098
4.01,0.06288202921761687,8.379251530752715,8.316369501535098
4.02,0.06278675413436297,8.37915625566946,8.316369501535098
4.03,0.06269439582707648,8.379063897362174,8.316369501535098
4.04,0.0626049345840638,8.378974436119162,8.316369501535098
4.05,0.0625183510813212,8.378887852616419,8.316369501535098
4.06,0.0624346263295017,8.3788041278646,8.316369501535098
4.07,0.062353741620020386,8.378723243155118,8.316369501535098
4.08,0.06227567857669136,8.37864518011179,8.316369501535098
4.09,0.06220041904281892,8.378569920577917,8.316369501535098
4.1,0.06212794512795483,8.378497446663053,8.316369501535098
4.11,0.06205823913895081,8.378427740674049,8.316369501535098
4.12,0.061991283531853014,8.37836078506695,8.316369501535098
4.13,0.0619270609367657,8.378296562471863,8.316369501535098
4.14,0.06186555405221483,8.378235055587313,8.316369501535098
4.15,0.061806745690427434,8.378176247225525,8.316369501535098
4.16,0.061750618666996715,8.378120120202095,8.316369501535098
4.17,0.06169715583920343,8.378066657374301,8.316369501535098
4.18,0.06164634004071168,8.37801584157581,8.316369501535098
4.19,0.06159815403584723,8.377967655570945,8.316369501535098
4.2,0.06155258054525525,8.377922082080353,8.316369501535098
4.21,0.06150960216660373,8.377879103701702,8.316369501535098
4.22,0.06146920138249001,8.377838702917588,8.316369501535098
4.23,0.061431360548054315,8.377800862083152,8.316369501535098
4.24,0.061396061821833214,8.377765563356931,8.316369501535098
4.25,0.06136328722509887,8.377732788760197,8.316369501535098
4.26,0.061333018552733876,8.377702520087832,8.316369501535098
4.27,0.06130523742029581,8.377674738955394,8.316369501535098
4.28,0.0612799252398144,8.377649426774912,8.316369501535098
4.29,0.06125706317655322,8.377626564711651,8.316369501535098
4.3,0.06123663221442399,8.377606133749522,8.316369501535098
4.31,0.0612186130903396,8.377588114625437,8.316369501535098
4.32,0.06120298633461374,8.377572487869712,8.316369501535098
4.33,0.06118973226280566,8.377559233797903,8.316369501535098
4.34,0.0611788310010386,8.377548332536136,8.316369501535098
4.35,0.06117026243678225,8.37753976397188,8.316369501535098
4.36,0.061164006314657016,8.377533507849755,8.316369501535098
4.37,0.06116004215909321,8.377529543694191,8.316369501535098
4.38,0.061158349358207076,8.377527850893305,8.316369501535098
4.39,0.061158907135961726,8.37752840867106,8.316369501535098
4.4,0.06116169457982146,8.37753119611492,8.316369501535098
4.41,0.06116669067051106,8.377536192205609,8.316369501535098
4.42,0.06117387425489795,8.377543375789996,8.316369501535098
4.43,0.06118322413673738,8.377552725671835,8.316369501535098
4.44,0.0611947190063038,8.377564220541402,8.316369501535098
4.45,0.06120833753174537,8.377577839066843,8.316369501535098
4.46,0.06122405833268196,8.37759355986778,8.316369501535098
4.47,0.06124186001030729,8.377611361545405,8.316369501535098
4.48,0.06126172117792272,8.37763122271302,8.316369501535098
4.49,0.061283620432675434,8.377653121967773,8.316369501535098
4.5,0.061307536445355026,8.377677037980453,8.316369501535098
4.51,0.06133344789230222,8.3777029494274,8.316369501535098
4.52,0.06136133351484219,8.37773083504994,8.316369501535098
4.53,0.06139117214962653,8.377760673684724,8.316369501535098
4.54,0.061422942673930336,8.377792444209028,8.316369501535098
4.55,0.06145662410346375,8.377826125638562,8.316369501535098
4.56,0.06149219551407192,8.37786169704917,8.316369501535098
4.57,0.06152963610910689,8.377899137644205,8.316369501535098
4.58,0.06156892521652679,8.377938426751625,8.316369501535098
4.59,0.061610042256567965,8.377979543791666,8.316369501535098
4.6,0.06165296681775345,8.378022468352851,8.316369501535098
4.61,0.06169767857115893,8.378067180106257,8.316369501535098
4.62,0.06174415736585992,8.378113658900958,8.316369501535098
4.63,0.061792383148077334,8.378161884683175,8.316369501535098
4.64,0.061842335997098985,8.378211837532197,8.316369501535098
4.65,0.06189399615769986,8.378263497692798,8.316369501535098
4.66,0.061947343958530965,8.378316845493629,8.316369501535098
4.67,0.0620023599009194,8.378371861436017,8.316369501535098
4.68,0.06205902457527657,8.378428526110374,8.316369501535098
4.69,0.06211731869668036,8.378486820231778,8.316369501535098
4.7,0.06217722311121143,8.37854672464631,8.316369501535098
4.71,0.06223871876283482,8.378608220297933,8.316369501535098
4.72,0.062301786699935136,8.378671288235033,8.316369501535098
4.73,0.062366408081867775,8.378735909616966,8.316369501535098
4.74,0.062432564144867086,8.378802065679965,8.316369501535098
4.75,0.06250023620833112,8.378869737743429,8.316369501535098
4.76,0.06256940570424874,8.378938907239347,8.316369501535098
4.77,0.06264005409741813,8.379009555632516,8.316369501535098
4.78,0.06271216296392801,8.379081664499026,8.316369501535098
4.79,0.06278571391173138,8.37915521544683,8.316369501535098
4.8,0.06286068861112959,8.379230190146227,8.316369501535098
4.81,0.06293706880093453,8.379306570336032,8.316369501535098
4.82,0.06301483626071658,8.379384337795814,8.316369501535098
4.83,0.06309397280893947,8.379463474344037,8.316369501535098
4.84,0.06317446029808593,8.379543961833184,8.316369501535098
4.85,0.0632562806445609,8.379625782179659,8.316369501535098
4.86,0.06333941577328694,8.379708917308385,8.316369501535098
4.87,0.06342384765905784,8.379793349194156,8.316369501535098
4.88,0.06350955829141824,8.379879059826516,8.316369501535098
4.89,0.06359652968489193,8.37996603121999,8.316369501535098
4.9,0.06368474391343781,8.380054245448536,8.316369501535098
4.91,0.06377418303747717,8.380143684572575,8.316369501535098
4.92,0.06386482918674119,8.380234330721839,8.316369501535098
4.93,0.0639566644902132,8.380326166025311,8.316369501535098
4.94,0.06404967111719984,8.380419172652298,8.316369501535098
4.95,0.06414383125942003,8.380513332794518,8.316369501535098
4.96,0.0642391271732734,8.380608628708371,8.316369501535098
4.97,0.06433554112201989,8.380705042657118,8.316369501535098
4.98,0.06443305541520061,8.380802556950298,8.316369501535098
4.99,0.0645316524104711,8.380901153945569,8.316369501535098
5.0,0.06463131451958759,8.381000816054685,8.316369501535098
5.01,0.06473202418952262,8.38110152572462,8.316369501535098
5.02,0.06483376391772566,8.381203265452823,8.316369501535098
5.03,0.06493651628932717,8.381306017824425,8.316369501535098
5.04,0.06504026392189921,8.381409765456997,8.316369501535098
5.05,0.06514498950546965,8.381514491040567,8.316369501535098
5.06,0.06525067580527022,8.381620177340368,8.316369501535098
5.07,0.06535730566825926,8.381726807203357,8.316369501535098
5.08,0.06546486200518942,8.381834363540287,8.316369501535098
5.09,0.06557332780558234,8.38194282934068,8.316369501535098
5.1,0.06568268617433404,8.382052187709432,8.316369501535098
5.11,0.06579292027662653,8.382162421811724,8.316369501535098
5.12,0.06590401338091745,8.382273514916015,8.316369501535098
5.13,0.06601594884256379,8.382385450377662,8.316369501535098
5.14,0.06612871014493926,8.382498211680037,8.316369501535098
5.15,0.06624228084480777,8.382611782379906,8.316369501535098
5.16,0.06635664460423563,8.382726146139333,8.316369501535098
5.17,0.06647178522019281,8.38284128675529,8.316369501535098
5.18,0.06658768657029235,8.38295718810539,8.316369501535098
5.19,0.0667043326491008,8.383073834184199,8.316369501535098
5.2,0.06682170756764094,8.383191209102739,8.316369501535098
5.21,0.06693979555684137,8.38330929709194,8.316369501535098
5.22,0.06705858094822759,8.383428082483325,8.316369501535098
5.23,0.06717804818482342,8.383547549719921,8.316369501535098
5.24,0.06729818185137582,8.383667683386474,8.316369501535098
5.25,0.0674189666208811,8.383788468155979,8.316369501535098
5.26,0.0675403872821807,8.383909888817278,8.316369501535098
5.27,0.06766242876413209,8.38403193029923,8.316369501535098
5.28,0.06778507608464146,8.38415457761974,8.316369501535098
5.29,0.06790831438350686,8.384277815918605,8.316369501535098
5.3,0.06803212891030874,8.384401630445407,8.316369501535098
5.31,0.0681565050306201,8.384526006565718,8.316369501535098
5.32,0.06828142822693906,8.384650929762037,8.316369501535098
5.33,0.06840688407096351,8.384776385606061,8.316369501535098
5.34,0.06853285827196132,8.38490235980706,8.316369501535098
5.35,0.06865933662236401,8.385028838157462,8.316369501535098
5.36,0.06878630502819583,8.385155806563294,8.316369501535098
5.37,0.06891374949704066,8.385283251032138,8.316369501535098
5.38,0.06904165614352387,8.385411157678622,8.316369501535098
5.39,0.0691700111898701,8.385539512724968,8.316369501535098
5.4,0.06929880093942131,8.385668302474519,8.316369501535098
5.41,0.06942801182251834,8.385797513357616,8.316369501535098
5.42,0.06955763034486928,8.385927131879967,8.316369501535098
5.43,0.069687643116632,8.38605714465173,8.316369501535098
5.44,0.06981803684123555,8.386187538376333,8.316369501535098
5.45,0.06994879832095968,8.386318299856057,8.316369501535098
5.46,0.07007991445788342,8.386449415992981,8.316369501535098
5.47,0.07021137222914575,8.386580873764244,8.316369501535098
5.48,0.0703431587316139,8.386712660266712,8.316369501535098
5.49,0.07047526113243308,8.38684476266753,8.316369501535098
5.5,0.07060766669835061,8.386977168233448,8.316369501535098
5.51,0.07074036278528695,8.387109864320385,8.316369501535098
5.52,0.07087333684443742,8.387242838379535,8.316369501535098
5.53,0.07100657642397223,8.38737607795907,8.316369501535098
5.54,0.07114006915316473,8.387509570688263,8.316369501535098
5.55,0.07127380275077222,8.38764330428587,8.316369501535098
5.56,0.0714077650484537,8.387777266583551,8.316369501535098
5.57,0.07154194394962943,8.387911445484727,8.316369501535098
5.58,0.07167632745511021,8.388045828990208,8.316369501535098
5.59,0.07181090366254317,8.388180405197641,8.316369501535098
5.6,0.07194566076860731,8.388315162303705,8.316369501535098
5.61,0.07208058704801168,8.38845008858311,8.316369501535098
5.62,0.07221567089450254,8.3885851724296,8.316369501535098
5.63,0.07235090077835515,8.388720402313453,8.316369501535098
5.64,0.07248626527292501,8.388855766808023,8.316369501535098
5.65,0.07262175304668439,8.388991254581782,8.316369501535098
5.66,0.07275735286946095,8.389126854404559,8.316369501535098
5.67,0.07289305361468656,8.389262555149784,8.316369501535098
5.68,0.0730288442397935,8.389398345774891,8.316369501535098
5.69,0.073164713824859,8.389534215359957,8.316369501535098
5.7,0.07330065153265508,8.389670153067753,8.316369501535098
5.71,0.07343664663358851,8.389806148168686,8.316369501535098
5.72,0.07357268849812826,8.389942190033226,8.316369501535098
5.73,0.07370876660252712,8.390078268137625,8.316369501535098
5.74,0.07384487053069044,8.390214372065788,8.316369501535098
5.75,0.07398098995556346,8.390350491490661,8.316369501535098
5.76,0.07411711467537963,8.390486616210477,8.316369501535098
5.77,0.07425323457521316,8.390622736110311,8.316369501535098
5.78,0.07438933965073069,8.390758841185828,8.316369501535098
5.79,0.07452542000243234,8.39089492153753,8.316369501535098
5.8,0.0746614658302498,8.391030967365348,8.316369501535098
5.81,0.07479746745587867,8.391166968990976,8.316369501535098
5.82,0.07493341528910413,8.391302916824202,8.316369501535098
5.83,0.07506929985041744,8.391438801385515,8.316369501535098
5.84,0.07520511176502431,8.391574613300122,8.316369501535098
5.85,0.07534084175751232,8.39171034329261,8.316369501535098
5.86,0.07547648067245127,8.391845982207549,8.316369501535098
5.87,0.07561201944259999,8.391981520977698,8.316369501535098
5.88,0.07574744910457198,8.39211695063967,8.316369501535098
5.89,0.07588276081354373,8.392252262348642,8.316369501535098
5.9,0.07601794581178645,8.392387447346884,8.316369501535098
5.91,0.07615299544915288,8.39252249698425,8.316369501535098
5.92,0.0762879011723161,8.392657402707414,8.316369501535098
5.93,0.07642265454347807,8.392792156078576,8.316369501535098
5.94,0.07655724721009527,8.392926748745193,8.316369501535098
5.95,0.07669167092257467,8.393061172457672,8.316369501535098
5.96,0.07682591754023527,8.393195419075333,8.316369501535098
5.97,0.07695997900984253,8.39332948054494,8.316369501535098
5.98,0.07709384738004843,8.393463348915146,8.316369501535098
5.99,0.07722751479235335,8.393597016327451,8.316369501535098
6.0,0.07736097349815552,8.393730475033253,8.316369501535098
6.01,0.07749421583076632,8.393863717365864,8.316369501535098
6.02,0.0776272342216231,8.393996735756721,8.316369501535098
6.03,0.07776002120568748,8.394129522740785,8.316369501535098
6.04,0.07789256940170475,8.394262070936803,8.316369501535098
6.05,0.07802487152545723,8.394394373060555,8.316369501535098
6.06,0.07815692038149002,8.394526421916588,8.316369501535098
6.07,0.07828870887871808,8.394658210413816,8.316369501535098
6.08,0.07842023000206311,8.394789731537161,8.316369501535098
6.09,0.07855147684148633,8.394920978376584,8.316369501535098
6.1,0.07868244256868273,8.39505194410378,8.316369501535098
6.11,0.07881312044742828,8.395182621982526,8.316369501535098
6.12,0.07894350383162951,8.395313005366727,8.316369501535098
6.13,0.07907358616208704,8.395443087697185,8.316369501535098
6.14,0.07920336097386205,8.39557286250896,8.316369501535098
6.15,0.07933282188757929,8.395702323422677,8.316369501535098
6.16,0.07946196260998661,8.395831464145084,8.316369501535098
6.17,0.07959077693682026,8.395960278471918,8.316369501535098
6.18,0.07971925874757879,8.396088760282677,8.316369501535098
6.19,0.07984740201909979,8.396216903554198,8.316369501535098
6.2,0.0799752008042276,8.396344702339325,8.316369501535098
6.21,0.0801026492444592,8.396472150779557,8.316369501535098
6.22,0.0802297415688642,8.396599243103962,8.316369501535098
6.23,0.08035647209455732,8.396725973629655,8.316369501535098
6.24,0.08048283521607225,8.39685233675117,8.316369501535098
6.25,0.08060882542434022,8.396978326959438,8.316369501535098
6.26,0.08073443728584628,8.397103938820944,8.316369501535098
6.27,0.08085966545464274,8.39722916698974,8.316369501535098
6.28,0.08098450466903628,8.397354006204134,8.316369501535098
6.29,0.08110894974838878,8.397478451283487,8.316369501535098
6.3,0.08123299560451258,8.39760249713961,8.316369501535098
6.31,0.08135663722367603,8.397726138758774,8.316369501535098
6.32,0.08147986967822796,8.397849371213326,8.316369501535098
6.33,0.0816026881232279,8.397972189658326,8.316369501535098
6.34,0.0817250877934903,8.398094589328588,8.316369501535098
6.35,0.0818470640138802,8.398216565548978,8.316369501535098
6.36,0.08196861218291396,8.398338113718012,8.316369501535098
6.37,0.08208972778160728,8.398459229316705,8.316369501535098
6.38,0.08221040637568144,8.39857990791078,8.316369501535098
6.39,0.08233064360951481,8.398700145144613,8.316369501535098
6.4,0.08245043520397743,8.398819936739075,8.316369501535098
6.41,0.08256977696791168,8.39893927850301,8.316369501535098
6.42,0.08268866478202774,8.399058166317126,8.316369501535098
6.43,0.08280709460841607,8.399176596143514,8.316369501535098
6.44,0.08292506248748488,8.399294564022583,8.316369501535098
6.45,0.08304256453538628,8.399412066070484,8.316369501535098
6.46,0.0831595969521004,8.399529098487198,8.316369501535098
6.47,0.08327615600589588,8.399645657540994,8.316369501535098
6.48,0.08339223804980023,8.399761739584898,8.316369501535098
6.49,0.08350783950637997,8.399877341041478,8.316369501535098
6.5,0.08362295687556731,8.399992458410665,8.316369501535098
6.51,0.08373758673200804,8.400107088267106,8.316369501535098
6.52,0.08385172572266342,8.400221227257761,8.316369501535098
6.53,0.083965370573587,8.400334872108685,8.316369501535098
6.54,0.08407851807833033,8.400448019613428,8.316369501535098
6.55,0.08419116510467539,8.400560666639773,8.316369501535098
6.56,0.0843033085922631,8.400672810127361,8.316369501535098
6.57,0.08441494555035334,8.400784447085451,8.316369501535098
6.58,0.0845260730638362,8.400895574598934,8.316369501535098
6.59,0.08463668828110826,8.401006189816206,8.316369501535098
6.6,0.08474678842640415,8.401116289961502,8.316369501535098
6.61,0.08485637078815955,8.401225872323257,8.316369501535098
6.62,0.08496543272466894,8.401334934259767,8.316369501535098
6.63,0.08507397166193442,8.401443473197032,8.316369501535098
6.64,0.08518198509189645,8.401551486626994,8.316369501535098
6.65,0.08528947057649283,8.40165897211159,8.316369501535098
6.66,0.08539642574048223,8.40176592727558,8.316369501535098
6.67,0.0855028482747251,8.401872349809823,8.316369501535098
6.68,0.08560873593508411,8.401978237470182,8.316369501535098
6.69,0.08571408654050217,8.4020835880756,8.316369501535098
6.7,0.08581889797717857,8.402188399512276,8.316369501535098
6.71,0.08592316819089163,8.40229266972599,8.316369501535098
6.72,0.08602689519010553,8.402396396725203,8.316369501535098
6.73,0.0861300770486686,8.402499578583766,8.316369501535098
6.74,0.08623271189858883,8.402602213433687,8.316369501535098
6.75,0.0863347979340201,8.402704299469118,8.316369501535098
6.76,0.08643633340860113,8.402805834943699,8.316369501535098
6.77,0.08653731663882169,8.40290681817392,8.316369501535098
6.78,0.08663774599766505,8.403007247532763,8.316369501535098
6.79,0.08673761991716411,8.403107121452262,8.316369501535098
6.8,0.08683693689035543,8.403206438425453,8.316369501535098
6.81,0.08693569546555757,8.403305197000655,8.316369501535098
6.82,0.08703389424937491,8.403403395784473,8.316369501535098
6.83,0.08713153190461398,8.403501033439712,8.316369501535098
6.84,0.08722860715268155,8.40359810868778,8.316369501535098
6.85,0.0873251187685824,8.40369462030368,8.316369501535098
6.86,0.08742106558328189,8.40379056711838,8.316369501535098
6.87,0.0875164464840168,8.403885948019115,8.316369501535098
6.88,0.0876112604109327,8.40398076194603,8.316369501535098
6.89,0.08770550635863472,8.404075007893733,8.316369501535098
6.9,0.08779918337504178,8.40416868491014,8.316369501535098
6.91,0.0878922905621291,8.404261792097227,8.316369501535098
6.92,0.08798482707309496,8.404354328608193,8.316369501535098
6.93,0.08807679211346908,8.404446293648567,8.316369501535098
6.94,0.0881681849412228,8.40453768647632,8.316369501535098
6.95,0.08825900486434435,8.404628506399442,8.316369501535098
6.96,0.08834925124175008,8.404718752776848,8.316369501535098
6.97,0.0884389234823395,8.404808425017437,8.316369501535098
6.98,0.08852802104525104,8.404897522580349,8.316369501535098
6.99,0.08861654343776593,8.404986044972864,8.316369501535098
7.0,0.08870449021671512,8.405073991751813,8.316369501535098
7.01,0.08879186098644531,8.405161362521543,8.316369501535098
7.02,0.08887865539910855,8.405248156934206,8.316369501535098
7.03,0.08896487315400137,8.4053343746891,8.316369501535098
7.04,0.089050513997039,8.405420015532137,8.316369501535098
7.05,0.0891355777205387,8.405505079255637,8.316369501535098
7.06,0.08922006416209527,8.405589565697193,8.316369501535098
7.07,0.08930397320478889,8.405673474739887,8.316369501535098
7.08,0.08938730477612467,8.405756806311222,8.316369501535098
7.09,0.0894700588478603,8.405839560382958,8.316369501535098
7.1,0.08955223543540747,8.405921736970505,8.316369501535098
7.11,0.08963383459738239,8.40600333613248,8.316369501535098
7.12,0.08971485643493438,8.406084357970032,8.316369501535098
7.13,0.08979530109159484,8.406164802626693,8.316369501535098
7.14,0.08987516875227008,8.406244670287368,8.316369501535098
7.15,0.08995445964324134,8.40632396117834,8.316369501535098
7.16,0.09003317403149325,8.406402675566591,8.316369501535098
7.17,0.09011131222412061,8.406480813759218,8.316369501535098
7.18,0.09018887456771374,8.406558376102812,8.316369501535098
7.19,0.0902658614483638,8.406635362983462,8.316369501535098
7.2,0.09034227329076394,8.406711774825862,8.316369501535098
7.21,0.09041811055810278,8.4067876120932,8.316369501535098
7.22,0.09049337375047806,8.406862875285576,8.316369501535098
7.23,0.09056806340618806,8.406937564941286,8.316369501535098
7.24,0.09064218009991087,8.407011681635009,8.316369501535098
7.25,0.090715724442326,8.407085225977424,8.316369501535098
7.26,0.09078869708047321,8.407158198615571,8.316369501535098
7.27,0.0908610986969709,8.407230600232069,8.316369501535098
7.28,0.09093293000809233,8.40730243154319,8.316369501535098
7.29,0.09100419176577823,8.407373693300876,8.316369501535098
7.3,0.09107488475599723,8.407444386291095,8.316369501535098
7.31,0.09114500979687357,8.407514511331971,8.316369501535098
7.32,0.09121456774094838,8.407584069276046,8.316369501535098
7.33,0.09128355947295219,8.40765306100805,8.316369501535098
7.34,0.09135198591031113,8.407721487445409,8.316369501535098
7.35,0.09141984800059788,8.407789349535696,8.316369501535098
7.36,0.09148714672425129,8.407856648259349,8.316369501535098
7.37,0.09155388309265255,8.40792338462775,8.316369501535098
7.38,0.09162005814582486,8.407989559680923,8.316369501535098
7.39,0.09168567295555796,8.408055174490656,8.316369501535098
7.4,0.09175072862301725,8.408120230158115,8.316369501535098
7.41,0.09181522627759264,8.40818472781269,8.316369501535098
7.42,0.09187916707781874,8.408248668612917,8.316369501535098
7.43,0.09194255221100711,8.408312053746105,8.316369501535098
7.44,0.09200538289242033,8.408374884427518,8.316369501535098
7.45,0.09206766036330194,8.4084371618984,8.316369501535098
7.46,0.0921293858936707,8.408498887428768,8.316369501535098
7.47,0.09219056077973242,8.40856006231483,8.316369501535098
7.48,0.09225118634428497,8.408620687879383,8.316369501535098
7.49,0.09231126393437172,8.40868076546947,8.316369501535098
7.5,0.0923707949250403,8.408740296460138,8.316369501535098
7.51,0.0924297807137826,8.40879928224888,8.316369501535098
7.52,0.09248822272453872,8.408857724259637,8.316369501535098
7.53,0.09254612240516202,8.40891562394026,8.316369501535098
7.54,0.09260348122741924,8.408972982762517,8.316369501535098
7.55,0.09266030068695663,8.409029802222054,8.316369501535098
7.56,0.09271658230072966,8.409086083835827,8.316369501535098
7.57,0.09277232761127507,8.409141829146373,8.316369501535098
7.58,0.09282753818055589,8.409197039715654,8.316369501535098
7.59,0.09288221559449994,8.409251717129598,8.316369501535098
7.6,0.09293636146021278,8.40930586299531,8.316369501535098
7.61,0.0929899774068641,8.409359478941962,8.316369501535098
7.62,0.09304306508168025,8.409412566616778,8.316369501535098
7.63,0.09309562615517564,8.409465127690273,8.316369501535098
7.64,0.09314766231790905,8.409517163853007,8.316369501535098
7.65,0.09319917527777832,8.409568676812876,8.316369501535098
7.66,0.09325016676424802,8.409619668299346,8.316369501535098
7.67,0.0933006385257027,8.4096701400608,8.316369501535098
7.68,0.09335059232860665,8.409720093863704,8.316369501535098
7.69,0.09340002995695329,8.409769531492051,8.316369501535098
7.7,0.09344895321421731,8.409818454749315,8.316369501535098
7.71,0.09349736392191232,8.40986686545701,8.316369501535098
7.72,0.09354526391563489,8.409914765450733,8.316369501535098
7.73,0.09359265505109171,8.40996215658619,8.316369501535098
7.74,0.09363953920052204,8.41000904073562,8.316369501535098
7.75,0.09368591824923378,8.410055419784332,8.316369501535098
7.76,0.09373179410156496,8.410101295636663,8.316369501535098
7.77,0.09377716867705033,8.410146670212148,8.316369501535098
7.78,0.09382204390881732,8.410191545443915,8.316369501535098
7.79,0.09386642174563775,8.410235923280736,8.316369501535098
7.8,0.09391030415141621,8.410279805686514,8.316369501535098
7.81,0.09395369310498936,8.410323194640087,8.316369501535098
7.82,0.09399659059573473,8.410366092130833,8.316369501535098
7.83,0.09403899862993903,8.410408500165037,8.316369501535098
7.84,0.09408091922677819,8.410450420761876,8.316369501535098
7.85,0.09412235441665473,8.410491855951753,8.316369501535098
7.86,0.09416330624343061,8.410532807778528,8.316369501535098
7.87,0.09420377676407021,8.410573278299168,8.316369501535098
7.88,0.09424376804759049,8.410613269582688,8.316369501535098
7.89,0.09428328217224191,8.41065278370734,8.316369501535098
7.9,0.09432232123051243,8.41069182276561,8.316369501535098
7.91,0.09436088732622139,8.41073038886132,8.316369501535098
7.92,0.09439898257034152,8.41076848410544,8.316369501535098
7.93,0.09443660908807061,8.410806110623168,8.316369501535098
7.94,0.094473769014634,8.410843270549732,8.316369501535098
7.95,0.09451046449219902,8.410879966027297,8.316369501535098
7.96,0.09454669767532131,8.410916199210419,8.316369501535098
7.97,0.0945824707273335,8.410951972262431,8.316369501535098
7.98,0.09461778582178937,8.410987287356887,8.316369501535098
7.99,0.09465264513727689,8.411022146672375,8.316369501535098
8.0,0.09468705086477947,8.411056552399877,8.316369501535098
8.01,0.09472100520351212,8.41109050673861,8.316369501535098
8.02,0.09475451035692473,8.411124011892023,8.316369501535098
8.03,0.09478756854006143,8.41115707007516,8.316369501535098
8.04,0.09482018197415876,8.411189683509257,8.316369501535098
8.05,0.09485235288895666,8.411221854424054,8.316369501535098
8.06,0.09488408351738897,8.411253585052487,8.316369501535098
8.07,0.0949153761029109,8.411284877638009,8.316369501535098
8.08,0.094946232895472,8.41131573443057,8.316369501535098
8.09,0.09497665614735773,8.411346157682456,8.316369501535098
8.1,0.095006648120739,8.411376149655837,8.316369501535098
8.11,0.09503621108268945,8.411405712617787,8.316369501535098
8.12,0.09506534730513216,8.41143484884023,8.316369501535098
8.13,0.09509405906426238,8.41146356059936,8.316369501535098
8.14,0.09512234864324043,8.411491850178338,8.316369501535098
8.15,0.09515021833051307,8.41151971986561,8.316369501535098
8.16,0.09517767041510439,8.411547171950202,8.316369501535098
8.17,0.09520470719435892,8.411574208729457,8.316369501535098
8.18,0.09523133096963399,8.411600832504732,8.316369501535098
8.19,0.09525754404230113,8.411627045577399,8.316369501535098
8.2,0.09528334872122102,8.411652850256319,8.316369501535098
8.21,0.09530874731741079,8.411678248852509,8.316369501535098
8.22,0.09533374214639778,8.411703243681496,8.316369501535098
8.23,0.09535833552275186,8.41172783705785,8.316369501535098
8.24,0.09538252976775397,8.411752031302852,8.316369501535098
8.25,0.09540632720523945,8.411775828740337,8.316369501535098
8.26,0.09542973015749112,8.411799231692589,8.316369501535098
8.27,0.09545274095281542,8.411822242487913,8.316369501535098
8.28,0.09547536192019379,8.411844863455292,8.316369501535098
8.29,0.09549759539164526,8.411867096926743,8.316369501535098
8.3,0.09551944369676946,8.411888945231867,8.316369501535098
8.31,0.09554090917066205,8.41191041070576,8.316369501535098
8.32,0.09556199414878286,8.41193149568388,8.316369501535098
8.33,0.09558270096474786,8.411952202499846,8.316369501535098
8.34,0.09560303195611475,8.411972533491213,8.316369501535098
8.35,0.09562298946070946,8.411992490995807,8.316369501535098
8.36,0.09564257581478053,8.412012077349878,8.316369501535098
8.37,0.0956617933557311,8.412031294890829,8.316369501535098
8.38,0.0956806444224938,8.412050145957592,8.316369501535098
8.39,0.09569913135137043,8.412068632886468,8.316369501535098
8.4,0.09571725647928098,8.412086758014379,8.316369501535098
8.41,0.09573502214464114,8.412104523679739,8.316369501535098
8.42,0.09575243068070449,8.412121932215802,8.316369501535098
8.43,0.09576948442384214,8.41213898595894,8.316369501535098
8.44,0.09578618570940911,8.412155687244507,8.316369501535098
8.45,0.09580253686754325,8.412172038402641,8.316369501535098
8.46,0.09581854023107361,8.412188041766171,8.316369501535098
8.47,0.09583419813125893,8.412203699666357,8.316369501535098
8.48,0.09584951289372867,8.412219014428826,8.316369501535098
8.49,0.0958644868475762,8.412233988382674,8.316369501535098
8.5,0.09587912231454432,8.412248623849642,8.316369501535098
8.51,0.09589342161831205,8.41226292315341,8.316369501535098
8.52,0.09590738707906432,8.412276888614162,8.316369501535098
8.53,0.09592102101507649,8.412290522550174,8.316369501535098
8.54,0.0959343257392824,8.41230382727438,8.316369501535098
8.55,0.09594730356617198,8.41231680510127,8.316369501535098
8.56,0.0959599568029752,8.412329458338073,8.316369501535098
8.57,0.09597228775684563,8.412341789291943,8.316369501535098
8.58,0.09598429873241976,8.412353800267518,8.316369501535098
8.59,0.0959959920269764,8.412365493562074,8.316369501535098
8.6,0.09600736993907688,8.412376871474175,8.316369501535098
8.61,0.09601843476049332,8.412387936295591,8.316369501535098
8.62,0.09602918878072941,8.412398690315827,8.316369501535098
8.63,0.09603963428550344,8.412409135820601,8.316369501535098
8.64,0.09604977355510158,8.4124192750902,8.316369501535098
8.65,0.09605960886770326,8.412429110402801,8.316369501535098
8.66,0.09606914249777354,8.412438644032871,8.316369501535098
8.67,0.09607837671154229,8.41244787824664,8.316369501535098
8.68,0.09608731377475976,8.412456815309858,8.316369501535098
8.69,0.0960959559485488,8.412465457483647,8.316369501535098
8.7,0.0961043054855466,8.412473807020644,8.316369501535098
8.71,0.09611236463874917,8.412481866173847,8.316369501535098
8.72,0.09612013565105926,8.412489637186157,8.316369501535098
8.73,0.09612762076433512,8.412497122299433,8.316369501535098
8.74,0.09613482221506686,8.412504323750165,8.316369501535098
8.75,0.09614174223140104,8.412511243766499,8.316369501535098
8.76,0.09614838303897955,8.412517884574077,8.316369501535098
8.77,0.09615474685759473,8.412524248392693,8.316369501535098
8.78,0.09616083590185731,8.412530337436955,8.316369501535098
8.79,0.09616665237810906,8.412536153913207,8.316369501535098
8.8,0.09617219849122094,8.412541700026319,8.316369501535098
8.81,0.09617747643544661,8.412546977970544,8.316369501535098
8.82,0.0961824884028637,8.412551989937961,8.316369501535098
8.83,0.09618723657952444,8.412556738114622,8.316369501535098
8.84,0.09619172314167912,8.412561224676777,8.316369501535098
8.85,0.09619595026432393,8.412565451799422,8.316369501535098
8.86,0.09619992011125333,8.412569421646351,8.316369501535098
8.87,0.09620363484359196,8.41257313637869,8.316369501535098
8.88,0.09620709661599136,8.41257659815109,8.316369501535098
8.89,0.09621030757293347,8.412579809108031,8.316369501535098
8.9,0.09621326985714518,8.412582771392243,8.316369501535098
8.91,0.09621598559979638,8.412585487134894,8.316369501535098
8.92,0.09621845692894304,8.41258795846404,8.316369501535098
8.93,0.09622068596576838,8.412590187500866,8.316369501535098
8.94,0.09622267482092006,8.412592176356018,8.316369501535098
8.95,0.0962244256027116,8.41259392713781,8.316369501535098
8.96,0.0962259404081891,8.412595441943287,8.316369501535098
8.97,0.09622722132995243,8.41259672286505,8.316369501535098
8.98,0.09622827045396143,8.41259777198906,8.316369501535098
8.99,0.09622908985522471,8.412598591390323,8.316369501535098
9.0,0.09622968160610768,8.412599183141205,8.316369501535098
9.01,0.09623004776682897,8.412599549301927,8.316369501535098
9.02,0.09623019039374014,8.412599691928838,8.316369501535098
9.03,0.09623011153557215,8.41259961307067,8.316369501535098
9.04,0.09622981323000168,8.4125993147651,8.316369501535098
9.05,0.09622929751095732,8.412598799046055,8.316369501535098
9.06,0.09622856640292632,8.412598067938024,8.316369501535098
9.07,0.0962276219219298,8.412597123457028,8.316369501535098
9.08,0.09622646607833651,8.412595967613434,8.316369501535098
9.09,0.0962251008715338,8.412594602406632,8.316369501535098
9.1,0.0962235282966919,8.41259302983179,8.316369501535098
9.11,0.09622175033722513,8.412591251872323,8.316369501535098
9.12,0.09621976897103046,8.412589270506128,8.316369501535098
9.13,0.09621758616849618,8.412587087703594,8.316369501535098
9.14,0.09621520388835947,8.412584705423457,8.316369501535098
9.15,0.09621262408527365,8.412582125620371,8.316369501535098
9.16,0.09620984870286975,8.412579350237968,8.316369501535098
9.17,0.0962068796773412,8.412576381212439,8.316369501535098
9.18,0.09620371893823432,8.412573220473332,8.316369501535098
9.19,0.09620036840305168,8.41256986993815,8.316369501535098
9.2,0.09619682998459922,8.412566331519697,8.316369501535098
9.21,0.09619310558561978,8.412562607120718,8.316369501535098
9.22,0.09618919709975593,8.412558698634854,8.316369501535098
9.23,0.0961851064141932,8.412554607949291,8.316369501535098
9.24,0.09618083540467204,8.41255033693977,8.316369501535098
9.25,0.09617638594108513,8.412545887476183,8.316369501535098
9.26,0.09617175988424087,8.412541261419339,8.316369501535098
9.27,0.09616695908411188,8.41253646061921,8.316369501535098
9.28,0.09616198538558862,8.412531486920686,8.316369501535098
9.29,0.09615684062080021,8.412526342155898,8.316369501535098
9.3,0.09615152661700144,8.4125210281521,8.316369501535098
9.31,0.09614604519007841,8.412515546725176,8.316369501535098
9.32,0.09614039814790765,8.412509899683005,8.316369501535098
9.33,0.0961345872911199,8.412504088826218,8.316369501535098
9.34,0.09612861440808373,8.412498115943182,8.316369501535098
9.35,0.09612248128138212,8.41249198281648,8.316369501535098
9.36,0.09611618968470204,8.4124856912198,8.316369501535098
9.37,0.09610974137984485,8.412479242914943,8.316369501535098
9.38,0.09610313812371984,8.412472639658818,8.316369501535098
9.39,0.09609638166030088,8.412465883195399,8.316369501535098
9.4,0.09608947372777443,8.412458975262872,8.316369501535098
9.41,0.09608241605474355,8.412451917589841,8.316369501535098
9.42,0.09607521035879252,8.41244471189389,8.316369501535098
9.43,0.09606785835181597,8.412437359886914,8.316369501535098
9.44,0.09606036173298271,8.41242986326808,8.316369501535098
9.45,0.0960527221953349,8.412422223730433,8.316369501535098
9.46,0.09604494142287834,8.412414442957976,8.316369501535098
9.47,0.09603702108768175,8.41240652262278,8.316369501535098
9.48,0.09602896285661444,8.412398464391712,8.316369501535098
9.49,0.09602076838366358,8.412390269918761,8.316369501535098
9.5,0.09601243931657955,8.412381940851677,8.316369501535098
9.51,0.09600397729401422,8.412373478829112,8.316369501535098
9.52,0.09599538394275342,8.412364885477851,8.316369501535098
9.53,0.09598666088360908,8.412356162418707,8.316369501535098
9.54,0.09597780972690018,8.412347311261998,8.316369501535098
9.55,0.09596883207316864,8.412338333608266,8.316369501535098
9.56,0.09595972951610143,8.4123292310512,8.316369501535098
9.57,0.0959505036370345,8.412320005172132,8.316369501535098
9.58,0.0959411560116088,8.412310657546707,8.316369501535098
9.59,0.09593168820327591,8.412301189738374,8.316369501535098
9.6,0.0959221017683447,8.412291603303442,8.316369501535098
9.61,0.0959123982544483,8.412281899789546,8.316369501535098
9.62,0.09590257919733958,8.412272080732437,8.316369501535098
9.63,0.09589264612686144,8.41226214766196,8.316369501535098
9.64,0.09588260056154141,8.41225210209664,8.316369501535098
9.65,0.09587244401144979,8.412241945546548,8.316369501535098
9.66,0.095862177978848,8.412231679513946,8.316369501535098
9.67,0.09585180395396442,8.412221305489062,8.316369501535098
9.68,0.09584132342086527,8.412210824955963,8.316369501535098
9.69,0.0958307378532055,8.412200239388303,8.316369501535098
9.7,0.09582004871494654,8.412189550250044,8.316369501535098
9.71,0.09580925746302071,8.412178758998119,8.316369501535098
9.72,0.09579836554234689,8.412167867077445,8.316369501535098
9.73,0.09578737439189844,8.412156875926996,8.316369501535098
9.74,0.09577628543877381,8.412145786973872,8.316369501535098
9.75,0.09576510010284522,8.412134601637943,8.316369501535098
9.76,0.09575381979465902,8.412123321329757,8.316369501535098
9.77,0.09574244591595082,8.412111947451049,8.316369501535098
9.78,0.0957309798585495,8.412100481393647,8.316369501535098
9.79,0.09571942300486569,8.412088924539963,8.316369501535098
9.8,0.0957077767306238,8.412077278265722,8.316369501535098
9.81,0.0956960423998936,8.412065543934991,8.316369501535098
9.82,0.09568422136950439,8.412053722904602,8.316369501535098
9.83,0.09567231498771278,8.41204181652281,8.316369501535098
9.84,0.0956603245914387,8.412029826126536,8.316369501535098
9.85,0.09564825151176493,8.412017753046863,8.316369501535098
9.86,0.09563609706778387,8.412005598602882,8.316369501535098
9.87,0.09562386257202604,8.411993364107124,8.316369501535098
9.88,0.09561154932780802,8.411981050862906,8.316369501535098
9.89,0.09559915862850765,8.411968660163605,8.316369501535098
9.9,0.09558669175992307,8.41195619329502,8.316369501535098
9.91,0.09557414999725822,8.411943651532356,8.316369501535098
9.92,0.09556153460878036,8.411931036143878,8.316369501535098
9.93,0.09554884685396736,8.411918348389065,8.316369501535098
9.94,0.09553608798143287,8.41190558951653,8.316369501535098
9.95,0.09552325923313809,8.411892760768236,8.316369501535098
9.96,0.09551036184232586,8.411879863377424,8.316369501535098
9.97,0.09549739703144589,8.411866898566544,8.316369501535098
9.98,0.09548436601646593,8.411853867551564,8.316369501535098
9.99,0.09547127000425348,8.411840771539351,8.316369501535098
10.0,0.09545811019262196,8.41182761172772,8.316369501535098
