t_s,V_pu,delta_V_pu,V_initial_pu
0.0,1.0060759051494246,0.0,1.0060759051494246
0.01,1.0060759051494248,2.220446049250313e-16,1.0060759051494246
0.02,1.0060759051494248,2.220446049250313e-16,1.0060759051494246
0.03,1.0060759051494248,2.220446049250313e-16,1.0060759051494246
0.04,1.0060759051494248,2.220446049250313e-16,1.0060759051494246
0.05,1.0060759051494244,-2.220446049250313e-16,1.0060759051494246
0.06,1.0060759051494248,2.220446049250313e-16,1.0060759051494246
0.07,1.0060759051494244,-2.220446049250313e-16,1.0060759051494246
0.08,1.0060759051494248,2.220446049250313e-16,1.0060759051494246
0.09,1.0060759051494246,0.0,1.0060759051494246
0.1,1.0060759051494244,-2.220446049250313e-16,1.0060759051494246
0.11,1.0060759051494248,2.220446049250313e-16,1.0060759051494246
0.12,1.0060759051494244,-2.220446049250313e-16,1.0060759051494246
0.13,1.0060759051494246,0.0,1.0060759051494246
0.14,1.0060759051494248,2.220446049250313e-16,1.0060759051494246
0.15,1.0060759051494244,-2.220446049250313e-16,1.0060759051494246
0.16,1.0060759051494246,0.0,1.0060759051494246
0.17,1.0060759051494246,0.0,1.0060759051494246
0.18,1.0060759051494244,-2.220446049250313e-16,1.0060759051494246
0.19,1.0060759051494244,-2.220446049250313e-16,1.0060759051494246
0.2,1.0060759051494246,0.0,1.0060759051494246
0.21,0.6616404181124219,-0.34443548703700266,1.0060759051494246
0.22,0.6259641701890595,-0.3801117349603651,1.0060759051494246
0.23,0.6193444020338873,-0.3867315031155373,1.0060759051494246
0.24,0.618818039714145,-0.3872578654352796,1.0060759051494246
0.25,0.6159285407277693,-0.3901473644216553,1.0060759051494246
0.26,0.613315899262391,-0.3927600058870335,1.0060759051494246
0.27,0.6109508823533889,-0.3951250227960357,1.0060759051494246
0.28,0.608532387570895,-0.39754351757852957,1.0060759051494246
0.29,0.6060242235557126,-0.40005168159371196,1.0060759051494246
0.3,0.6035247028278227,-0.4025512023216019,1.0060759051494246
0.31,1.0088872962173883,0.0028113910679636867,1.0060759051494246
0.32,1.0362393853149299,0.030163480165505296,1.0060759051494246
0.33,1.0442263528261309,0.03815044767670628,1.0060759051494246
0.34,1.049007581401022,0.04293167625159744,1.0060759051494246
0.35,1.04955259177702,0.04347668662759552,1.0060759051494246
0.36,1.053819284111204,0.04774337896177938,1.0060759051494246
0.37,1.0571356934632705,0.051059788313845944,1.0060759051494246
0.38,1.0604864244455634,0.054410519296138826,1.0060759051494246
0.39,1.0638387106057594,0.05776280545633483,1.0060759051494246
0.4,1.0671755156327347,0.06109961048331014,1.0060759051494246
0.41,1.070388159348936,0.06431225419951137,1.0060759051494246
0.42,1.0734482569194805,0.06737235177005596,1.0060759051494246
0.43,1.0763212515692275,0.07024534641980296,1.0060759051494246
0.44,1.0789791492366654,0.0729032440872408,1.0060759051494246
0.45,1.0814099496020415,0.07533404445261693,1.0060759051494246
0.46,1.0836101441443284,0.07753423899490386,1.0060759051494246
0.47,1.0855839629593353,0.07950805780991077,1.0060759051494246
0.48,1.0873406337465805,0.08126472859715594,1.0060759051494246
0.49,1.0888933140437627,0.08281740889433808,1.0060759051494246
0.5,1.090257131137572,0.08418122598814737,1.0060759051494246
0.51,1.0914482655939346,0.08537236044451002,1.0060759051494246
0.52,1.0924830881636334,0.0864071830142088,1.0060759051494246
0.53,1.0933776550535992,0.08730174990417461,1.0060759051494246
0.54,1.0941476028603525,0.08807169771092793,1.0060759051494246
0.55,1.0948079474643109,0.0887320423148863,1.0060759051494246
0.56,1.095373220509581,0.08929731536015639,1.0060759051494246
0.57,1.0958575965035289,0.0897816913541043,1.0060759051494246
0.58,1.0962748447351764,0.09019893958575187,1.0060759051494246
0.59,1.096638413967558,0.09056250881813344,1.0060759051494246
0.6,1.0969612603534584,0.09088535520403385,1.0060759051494246
0.61,1.0972557080531633,0.09117980290373873,1.0060759051494246
0.62,1.097533081301613,0.09145717615218851,1.0060759051494246
0.63,1.0978035689528491,0.09172766380342456,1.0060759051494246
0.64,1.0980758593387212,0.09199995418929663,1.0060759051494246
0.65,1.0983569862624627,0.09228108111303812,1.0060759051494246
0.66,1.098652194199254,0.0925762890498294,1.0060759051494246
0.67,1.0989649429520472,0.09288903780262259,1.0060759051494246
0.68,1.099296979406099,0.09322107425667436,1.0060759051494246
0.69,1.0996485150259454,0.09357260987652083,1.0060759051494246
0.7,1.1000184357950122,0.09394253064558766,1.0060759051494246
0.71,1.100404586858003,0.09432868170857844,1.0060759051494246
0.72,1.100804023165226,0.0947281180158015,1.0060759051494246
0.73,1.1012133007070455,0.09513739555762091,1.0060759051494246
0.74,1.1016287006534546,0.09555279550403006,1.0060759051494246
0.75,1.1020464402992736,0.09597053514984899,1.0060759051494246
0.76,1.1024628415713278,0.09638693642190321,1.0060759051494246
0.77,1.1028744634320755,0.09679855828265094,1.0060759051494246
0.78,1.1032781988359555,0.09720229368653088,1.0060759051494246
0.79,1.1036713261122753,0.09759542096285068,1.0060759051494246
0.8,1.1040515400271251,0.09797563487770056,1.0060759051494246
0.81,1.104416961938172,0.0983410567887475,1.0060759051494246
0.82,1.1047661409672782,0.09869023581785363,1.0060759051494246
0.83,1.1050980215348327,0.09902211638540814,1.0060759051494246
0.84,1.1054119192757184,0.09933601412629378,1.0060759051494246
0.85,1.1057074869795882,0.09963158183016363,1.0060759051494246
0.86,1.1059846737222574,0.09990876857283282,1.0060759051494246
0.87,1.1062436855282827,0.1001677803788581,1.0060759051494246
0.88,1.1064849356367656,0.10040903048734107,1.0060759051494246
0.89,1.1067090134302555,0.10063310828083094,1.0060759051494246
0.9,1.106916641375556,0.10084073622613143,1.0060759051494246
0.91,1.1071086305211635,0.10103272537173891,1.0060759051494246
0.92,1.1072858502383778,0.1012099450889532,1.0060759051494246
0.93,1.1074491942502793,0.10137328910085475,1.0060759051494246
0.94,1.1075995543115678,0.10152364916214318,1.0060759051494246
0.95,1.1077377899737169,0.10166188482429228,1.0060759051494246
0.96,1.1078647154339998,0.1017888102845752,1.0060759051494246
0.97,1.1079810776836745,0.10190517253424991,1.0060759051494246
0.98,1.1080875508567658,0.10201164570734123,1.0060759051494246
0.99,1.108184725054922,0.10210881990549736,1.0060759051494246
1.0,1.1082731062294704,0.10219720108004582,1.0060759051494246
1.01,1.1083531160565827,0.10227721090715813,1.0060759051494246
1.02,1.1084250976248322,0.10234919247540764,1.0060759051494246
1.03,1.1084893184896727,0.10241341334024812,1.0060759051494246
1.04,1.1085459804483186,0.10247007529889407,1.0060759051494246
1.05,1.1085952276711906,0.10251932252176599,1.0060759051494246
1.06,1.108637159941401,0.10256125479197653,1.0060759051494246
1.07,1.108671841530445,0.10259593638102049,1.0060759051494246
1.08,1.1086993101340417,0.10262340498461708,1.0060759051494246
1.09,1.1087195886209507,0.10264368347152608,1.0060759051494246
1.1,1.1087326944642988,0.10265678931487421,1.0060759051494246
1.11,1.1087386485920232,0.10266274344259863,1.0060759051494246
1.12,1.108737481342918,0.10266157619349348,1.0060759051494246
1.13,1.108729239122276,0.10265333397285148,1.0060759051494246
1.14,1.1087139898887914,0.10263808473936686,1.0060759051494246
1.15,1.1086918257029705,0.10261592055354596,1.0060759051494246
1.16,1.1086628650923318,0.10258695994290723,1.0060759051494246
1.17,1.1086272581270489,0.1025513529776243,1.0060759051494246
1.18,1.1085851795914208,0.1025092744419962,1.0060759051494246
1.19,1.1085368327373122,0.1024609275878876,1.0060759051494246
1.2,1.1084824460564646,0.10240654090704004,1.0060759051494246
1.21,1.1084222678683258,0.10234636271890118,1.0060759051494246
1.22,1.1083565680699392,0.10228066292051463,1.0060759051494246
1.23,1.108285631244611,0.10220972609518642,1.0060759051494246
1.24,1.1082097541154075,0.10213384896598288,1.0060759051494246
1.25,1.1081292320026601,0.10205332685323554,1.0060759051494246
1.26,1.1080443688809198,0.10196846373149526,1.0060759051494246
1.27,1.1079554644501401,0.10187955930071557,1.0060759051494246
1.28,1.1078628096263214,0.10178690447689687,1.0060759051494246
1.29,1.1077666855778108,0.1016907804283862,1.0060759051494246
1.3,1.1076673594677044,0.10159145431827987,1.0060759051494246
1.31,1.1075650796131715,0.10148917446374695,1.0060759051494246
1.32,1.1074600746971495,0.10138416954772489,1.0060759051494246
1.33,1.1073525542396498,0.10127664909022527,1.0060759051494246
1.34,1.1072427031903864,0.10116679804096185,1.0060759051494246
1.35,1.1071306828598353,0.10105477771041071,1.0060759051494246
1.36,1.1070166320547044,0.10094072690527978,1.0060759051494246
1.37,1.1069006662651877,0.1008247611157631,1.0060759051494246
1.38,1.1067828795267483,0.10070697437732368,1.0060759051494246
1.39,1.1066633450926748,0.10058743994325026,1.0060759051494246
1.4,1.1065421165773026,0.10046621142787804,1.0060759051494246
1.41,1.1064192313240828,0.10034332617465824,1.0060759051494246
1.42,1.10629471146477,0.10021880631534552,1.0060759051494246
1.43,1.1061685670089725,0.1000926618595479,1.0060759051494246
1.44,1.1060407967067014,0.09996489155727684,1.0060759051494246
1.45,1.105911391126352,0.09983548597692748,1.0060759051494246
1.46,1.105780335253525,0.09970443010410035,1.0060759051494246
1.47,1.1056476096633843,0.09957170451395969,1.0060759051494246
1.48,1.1055131919723558,0.09943728682293118,1.0060759051494246
1.49,1.10537705959389,0.09930115444446552,1.0060759051494246
1.5,1.1052391902813488,0.09916328513192418,1.0060759051494246
1.51,1.105099563189392,0.09902365803996749,1.0060759051494246
1.52,1.1049581595356615,0.09888225438623688,1.0060759051494246
1.53,1.1048149642007423,0.09873905905131775,1.0060759051494246
1.54,1.1046699643649094,0.09859405921548481,1.0060759051494246
1.55,1.1045231512175686,0.09844724606814403,1.0060759051494246
1.56,1.104374519362417,0.09829861421299246,1.0060759051494246
1.57,1.1042240666630678,0.09814816151364325,1.0060759051494246
1.58,1.1040717951459011,0.09799588999647657,1.0060759051494246
1.59,1.103917705973967,0.09784180082454252,1.0060759051494246
1.6,1.1037618058872805,0.09768590073785588,1.0060759051494246
1.61,1.1036041025422634,0.0975281973928388,1.0060759051494246
1.62,1.1034446050686118,0.09736869991918717,1.0060759051494246
1.63,1.1032833233136456,0.09720741816422107,1.0060759051494246
1.64,1.103120268174938,0.09704436302551334,1.0060759051494246
1.65,1.1029554517019253,0.09687954655250075,1.0060759051494246
1.66,1.102788885622398,0.09671298047297339,1.0060759051494246
1.67,1.102620582381711,0.09654467723228644,1.0060759051494246
1.68,1.1024505547317978,0.09637464958237318,1.0060759051494246
1.69,1.102278815937538,0.0962029107881135,1.0060759051494246
1.7,1.1021053792342628,0.0960294740848382,1.0060759051494246
1.71,1.1019302588417712,0.09585435369234663,1.0060759051494246
1.72,1.1017534700600031,0.09567756491057855,1.0060759051494246
1.73,1.1015750295909352,0.09549912444151065,1.0060759051494246
1.74,1.1013949553885547,0.09531905023913012,1.0060759051494246
1.75,1.1012132675624007,0.0951373624129761,1.0060759051494246
1.76,1.101029986865788,0.09495408171636344,1.0060759051494246
1.77,1.1008451376452817,0.09476923249585711,1.0060759051494246
1.78,1.1006587465429345,0.09458284139350992,1.0060759051494246
1.79,1.1004708426857568,0.09439493753633221,1.0060759051494246
1.8,1.1002814580384987,0.09420555288907417,1.0060759051494246
1.81,1.1000906271711637,0.0940147220217391,1.0060759051494246
1.82,1.099898386882307,0.09382248173288232,1.0060759051494246
1.83,1.0997047786531184,0.09362887350369387,1.0060759051494246
1.84,1.0995098449094616,0.093433939760037,1.0060759051494246
1.85,1.0993136309899134,0.09323772584048884,1.0060759051494246
1.86,1.0991161848345716,0.09304027968514705,1.0060759051494246
1.87,1.0989175564325064,0.09284165128308186,1.0060759051494246
1.88,1.0987177972745648,0.09264189212514018,1.0060759051494246
1.89,1.0985169606435259,0.09244105549410131,1.0060759051494246
1.9,1.0983151008790217,0.09223919572959716,1.0060759051494246
1.91,1.098112273509179,0.09203636835975448,1.0060759051494246
1.92,1.0979085345514916,0.09183262940206705,1.0060759051494246
1.93,1.0977039403134552,0.09162803516403062,1.0060759051494246
1.94,1.0974985469542289,0.0914226418048043,1.0060759051494246
1.95,1.0972924107861457,0.09121650563672112,1.0060759051494246
1.96,1.0970855877465862,0.09100968259716158,1.0060759051494246
1.97,1.0968781326463588,0.09080222749693423,1.0060759051494246
1.98,1.0966700997167766,0.09059419456735207,1.0060759051494246
1.99,1.0964615417991057,0.09038563664968113,1.0060759051494246
2.0,1.0962525115860133,0.09017660643658876,1.0060759051494246
2.01,1.0960430595983741,0.08996715444894954,1.0060759051494246
2.02,1.0958332348343833,0.08975732968495875,1.0060759051494246
2.03,1.0956230857747546,0.08954718062533007,1.0060759051494246
2.04,1.095412658490014,0.08933675334058933,1.0060759051494246
2.05,1.095201998111939,0.08912609296251439,1.0060759051494246
2.06,1.09499114779432,0.08891524264489536,1.0060759051494246
2.07,1.0947801494560334,0.08870424430660884,1.0060759051494246
2.08,1.09456904335077,0.08849313820134541,1.0060759051494246
2.09,1.0943578679018162,0.08828196275239164,1.0060759051494246
2.1,1.094146660104527,0.08807075495510253,1.0060759051494246
2.11,1.0939354554602447,0.08785955031082016,1.0060759051494246
2.12,1.0937242878289604,0.08764838267953579,1.0060759051494246
2.13,1.0935131893398558,0.08743728419043117,1.0060759051494246
2.14,1.0933021905530953,0.08722628540367072,1.0060759051494246
2.15,1.0930913201174843,0.08701541496805976,1.0060759051494246
2.16,1.0928806060489873,0.08680470089956271,1.0060759051494246
2.17,1.0926700741921165,0.0865941690426919,1.0060759051494246
2.18,1.0924597485323702,0.08638384338294558,1.0060759051494246
2.19,1.0922496519269687,0.08617374677754408,1.0060759051494246
2.2,1.0920398056632878,0.08596390051386327,1.0060759051494246
2.21,1.09183022946728,0.08575432431785535,1.0060759051494246
2.22,1.0916209415502973,0.08554503640087274,1.0060759051494246
2.23,1.0914119588321722,0.08533605368274766,1.0060759051494246
2.24,1.091203296673827,0.08512739152440241,1.0060759051494246
2.25,1.090994969234637,0.08491906408521244,1.0060759051494246
2.26,1.0907869895138167,0.08471108436439212,1.0060759051494246
2.27,1.0905793691523826,0.08450346400295805,1.0060759051494246
2.28,1.0903721188665385,0.08429621371711393,1.0060759051494246
2.29,1.0901652482738309,0.0840893431244063,1.0060759051494246
2.3,1.0899587659944268,0.08388286084500218,1.0060759051494246
2.31,1.0897526802428656,0.08367677509344107,1.0060759051494246
2.32,1.0895469980910422,0.08347109294161759,1.0060759051494246
2.33,1.0893417262211436,0.08326582107171898,1.0060759051494246
2.34,1.089136870827992,0.08306096567856747,1.0060759051494246
2.35,1.088932437655754,0.08285653250632952,1.0060759051494246
2.36,1.088728432268463,0.08265252711903837,1.0060759051494246
2.37,1.0885248598242612,0.0824489546748366,1.0060759051494246
2.38,1.0883217255622641,0.08224582041283957,1.0060759051494246
2.39,1.0881190346562748,0.08204312950685022,1.0060759051494246
2.4,1.0879167924408624,0.08184088729143779,1.0060759051494246
2.41,1.0877150042910024,0.08163909914157785,1.0060759051494246
2.42,1.087513675794496,0.08143777064507152,1.0060759051494246
2.43,1.0873128128003442,0.08123690765091962,1.0060759051494246
2.44,1.0871124216011019,0.08103651645167731,1.0060759051494246
2.45,1.0869125087680116,0.08083660361858702,1.0060759051494246
2.46,1.0867130811941947,0.08063717604477016,1.0060759051494246
2.47,1.0865141463409373,0.08043824119151277,1.0060759051494246
2.48,1.0863157120379348,0.08023980688851018,1.0060759051494246
2.49,1.0861177866247405,0.08004188147531588,1.0060759051494246
2.5,1.085920378741473,0.07984447359204849,1.0060759051494246
2.51,1.085723497589736,0.0796475924403115,1.0060759051494246
2.52,1.0855271527822197,0.0794512476327951,1.0060759051494246
2.53,1.0853313543533436,0.07925544920391903,1.0060759051494246
2.54,1.0851361127597086,0.07906020761028398,1.0060759051494246
2.55,1.084941438806543,0.07886553365711846,1.0060759051494246
2.56,1.08474734363941,0.07867143848998537,1.0060759051494246
2.57,1.0845538387071096,0.07847793355768506,1.0060759051494246
2.58,1.0843609358379087,0.07828503068848414,1.0060759051494246
2.59,1.084168647020579,0.07809274187115434,1.0060759051494246
2.6,1.0839769844775238,0.0779010793280992,1.0060759051494246
2.61,1.0837859605401539,0.07771005539072928,1.0060759051494246
2.62,1.0835955877645798,0.07751968261515518,1.0060759051494246
2.63,1.083405878698924,0.07732997354949944,1.0060759051494246
2.64,1.083216845992726,0.07714094084330148,1.0060759051494246
2.65,1.0830285022577752,0.07695259710835067,1.0060759051494246
2.66,1.0828408600548147,0.07676495490539015,1.0060759051494246
2.67,1.0826539318239985,0.07657802667457392,1.0060759051494246
2.68,1.08246772997248,0.07639182482305551,1.0060759051494246
2.69,1.0822822666664489,0.07620636151702431,1.0060759051494246
2.7,1.0820975538789575,0.07602164872953288,1.0060759051494246
2.71,1.0819136033415422,0.07583769819211761,1.0060759051494246
2.72,1.0817304264808694,0.07565452133144479,1.0060759051494246
2.73,1.0815480344427497,0.07547212929332514,1.0060759051494246
2.74,1.0813664380030616,0.07529053285363707,1.0060759051494246
2.75,1.0811856475959376,0.07510974244651303,1.0060759051494246
2.76,1.0810056732284739,0.07492976807904927,1.0060759051494246
2.77,1.0808265244889739,0.0747506193395493,1.0060759051494246
2.78,1.080648210520996,0.07457230537157145,1.0060759051494246
2.79,1.0804707400792841,0.07439483492985954,1.0060759051494246
2.8,1.0802941213973931,0.07421821624796854,1.0060759051494246
2.81,1.0801183622620651,0.07404245711264057,1.0060759051494246
2.82,1.0799434699994996,0.07386756485007506,1.0060759051494246
2.83,1.0797694514276615,0.07369354627823688,1.0060759051494246
2.84,1.0795963129142694,0.07352040776484481,1.0060759051494246
2.85,1.0794240603760363,0.07334815522661176,1.0060759051494246
2.86,1.0792526992412812,0.07317679409185662,1.0060759051494246
2.87,1.079082234524131,0.07300632937470652,1.0060759051494246
2.88,1.0789126707951424,0.07283676564571784,1.0060759051494246
2.89,1.0787440122161365,0.0726681070667119,1.0060759051494246
2.9,1.0785762625573085,0.07250035740788396,1.0060759051494246
2.91,1.0784094252304726,0.07233352008104799,1.0060759051494246
2.92,1.0782435033039945,0.07216759815456997,1.0060759051494246
2.93,1.0780784995239796,0.07200259437455503,1.0060759051494246
2.94,1.0779144163349517,0.07183851118552709,1.0060759051494246
2.95,1.077751255921401,0.07167535077197651,1.0060759051494246
2.96,1.0775890202284242,0.0715131150789996,1.0060759051494246
2.97,1.077427710987267,0.0713518058378424,1.0060759051494246
2.98,1.0772673297545114,0.07119142460508687,1.0060759051494246
2.99,1.0771078779194083,0.07103197276998374,1.0060759051494246
3.0,1.0769493567322408,0.07087345158281622,1.0060759051494246
3.01,1.076791767351897,0.07071586220247239,1.0060759051494246
3.02,1.0766351108440928,0.07055920569466823,1.0060759051494246
3.03,1.076479388228537,0.07040348307911248,1.0060759051494246
3.04,1.0763246004866327,0.07024869533720812,1.0060759051494246
3.05,1.076170748586484,0.0700948434370594,1.0060759051494246
3.06,1.0760178334503783,0.06994192830095369,1.0060759051494246
3.07,1.075865856081099,0.0697899509316744,1.0060759051494246
3.08,1.0757148174661124,0.06963891231668784,1.0060759051494246
3.09,1.0755647186495716,0.06948881350014702,1.0060759051494246
3.1,1.0754155607162281,0.06933965556680355,1.0060759051494246
3.11,1.0752673448245544,0.06919143967512986,1.0060759051494246
3.12,1.075120072194895,0.06904416704547045,1.0060759051494246
3.13,1.074973744117127,0.06889783896770241,1.0060759051494246
3.14,1.0748283619482963,0.06875245679887176,1.0060759051494246
3.15,1.0746839271171371,0.06860802196771254,1.0060759051494246
3.16,1.0745404411243429,0.0684645359749183,1.0060759051494246
3.17,1.0743979055396324,0.06832200039020786,1.0060759051494246
3.18,1.0742563219978927,0.0681804168484681,1.0060759051494246
3.19,1.0741156921799389,0.06803978703051428,1.0060759051494246
3.2,1.0739760178232969,0.0679001126738723,1.0060759051494246
3.21,1.0738373006960313,0.06776139554660676,1.0060759051494246
3.22,1.0736995426056328,0.06762363745620825,1.0060759051494246
3.23,1.0735627453887202,0.06748684023929563,1.0060759051494246
3.24,1.0734269108829129,0.06735100573348829,1.0060759051494246
3.25,1.0732920409184228,0.06721613576899821,1.0060759051494246
3.26,1.0731581373080672,0.06708223215864262,1.0060759051494246
3.27,1.0730252018475321,0.06694929669810756,1.0060759051494246
3.28,1.0728932362922134,0.06681733114278887,1.0060759051494246
3.29,1.072762242324247,0.06668633717482253,1.0060759051494246
3.3,1.07263222157828,0.0665563164288554,1.0060759051494246
3.31,1.0725031756265346,0.06642727047711006,1.0060759051494246
3.32,1.0723751059050852,0.06629920075566065,1.0060759051494246
3.33,1.0722480137867552,0.06617210863733058,1.0060759051494246
3.34,1.0721219005302718,0.06604599538084721,1.0060759051494246
3.35,1.0719967672549182,0.06592086210549364,1.0060759051494246
3.36,1.071872614962008,0.06579670981258334,1.0060759051494246
3.37,1.071749444500942,0.06567353935151732,1.0060759051494246
3.38,1.0716272565952294,0.06555135144580482,1.0060759051494246
3.39,1.0715060517668848,0.06543014661746027,1.0060759051494246
3.4,1.0713858304311348,0.0653099252817102,1.0060759051494246
3.41,1.0712665928141663,0.06519068766474168,1.0060759051494246
3.42,1.0711483389876786,0.065072433838254,1.0060759051494246
3.43,1.071031068839722,0.06495516369029741,1.0060759051494246
3.44,1.0709147820914708,0.06483887694204626,1.0060759051494246
3.45,1.070799478289019,0.06472357313959431,1.0060759051494246
3.46,1.0706851568246751,0.06460925167525056,1.0060759051494246
3.47,1.0705718168968061,0.06449591174738156,1.0060759051494246
3.48,1.070459457561879,0.06438355241245453,1.0060759051494246
3.49,1.070348077694194,0.06427217254476947,1.0060759051494246
3.5,1.0702376760296461,0.06416177088022157,1.0060759051494246
3.51,1.0701282511404613,0.06405234599103671,1.0060759051494246
3.52,1.0700198014536664,0.0639438963042418,1.0060759051494246
3.53,1.0699123252580007,0.06383642010857615,1.0060759051494246
3.54,1.0698058207089765,0.06372991555955188,1.0060759051494246
3.55,1.069700285833943,0.06362438068451848,1.0060759051494246
3.56,1.069595718542835,0.0635198133934105,1.0060759051494246
3.57,1.069492116643683,0.06341621149425847,1.0060759051494246
3.58,1.0693894778289381,0.06331357267951354,1.0060759051494246
3.59,1.069287799710557,0.06321189456113241,1.0060759051494246
3.6,1.0691870798096452,0.06311117466022065,1.0060759051494246
3.61,1.0690873155738276,0.06301141042440306,1.0060759051494246
3.62,1.068988504378199,0.06291259922877446,1.0060759051494246
3.63,1.0688906435355627,0.06281473838613816,1.0060759051494246
3.64,1.0687937303178205,0.06271782516839597,1.0060759051494246
3.65,1.068697761930853,0.06262185678142851,1.0060759051494246
3.66,1.0686027355602434,0.06252683041081886,1.0060759051494246
3.67,1.0685086483479473,0.06243274319852277,1.0060759051494246
3.68,1.0684154974174174,0.062339592267992794,1.0060759051494246
3.69,1.0683232798668048,0.06224737471738018,1.0060759051494246
3.7,1.0682319927817119,0.062156087632287305,1.0060759051494246
3.71,1.0681416332299685,0.06206572808054389,1.0060759051494246
3.72,1.0680521982766524,0.061976293127227855,1.0060759051494246
3.73,1.0679636849866248,0.061887779837200174,1.0060759051494246
3.74,1.0678760904101428,0.06180018526071818,1.0060759051494246
3.75,1.0677894116141198,0.0617135064646952,1.0060759051494246
3.76,1.0677036456588769,0.0616277405094523,1.0060759051494246
3.77,1.0676187896105578,0.06154288446113321,1.0060759051494246
3.78,1.0675348405398701,0.06145893539044556,1.0060759051494246
3.79,1.0674517955171479,0.061375890367723285,1.0060759051494246
3.8,1.067369651621298,0.06129374647187347,1.0060759051494246
3.81,1.067288405933857,0.06121250078443241,1.0060759051494246
3.82,1.0672080555319226,0.061132150382497974,1.0060759051494246
3.83,1.0671285975011797,0.061052692351755145,1.0060759051494246
3.84,1.0670500289195417,0.06097412377011713,1.0060759051494246
3.85,1.066972346861556,0.06089644171213138,1.0060759051494246
3.86,1.0668955483966576,0.06081964324723299,1.0060759051494246
3.87,1.0668196305778168,0.06074372542839224,1.0060759051494246
3.88,1.0667445904528172,0.060668685303392644,1.0060759051494246
3.89,1.0666704250526735,0.06059451990324893,1.0060759051494246
3.9,1.0665971313834952,0.060521226234070635,1.0060759051494246
3.91,1.0665247064402292,0.060448801290804655,1.0060759051494246
3.92,1.066453147181238,0.06037724203181338,1.0060759051494246
3.93,1.0663824505465855,0.06030654539716096,1.0060759051494246
3.94,1.0663126134406957,0.060236708291271146,1.0060759051494246
3.95,1.066243632732439,0.06016772758301436,1.0060759051494246
3.96,1.066175505255672,0.060099600106247486,1.0060759051494246
3.97,1.0661082278056426,0.06003232265621805,1.0060759051494246
3.98,1.0660417971404135,0.059965891990988895,1.0060759051494246
3.99,1.0659762099643202,0.05990030481489561,1.0060759051494246
4.0,1.0659114629456656,0.05983555779624106,1.0060759051494246
4.01,1.0658475526984998,0.05977164754907527,1.0060759051494246
4.02,1.065784475792311,0.05970857064288637,1.0060759051494246
4.03,1.0657222287506358,0.05964632360121125,1.0060759051494246
4.04,1.065660808035617,0.05958490288619234,1.0060759051494246
4.05,1.0656002100666746,0.059524304917250026,1.0060759051494246
4.06,1.0655404312147512,0.059464526065326595,1.0060759051494246
4.07,1.065481467789445,0.059405562640020504,1.0060759051494246
4.08,1.0654233160599993,0.059347410910574716,1.0060759051494246
4.09,1.06536597223752,0.059290067088095366,1.0060759051494246
4.1,1.0653094324891148,0.05923352733969023,1.0060759051494246
4.11,1.065253692932862,0.05917778778343741,1.0060759051494246
4.12,1.0651987496345798,0.05912284448515526,1.0060759051494246
4.13,1.0651445986238102,0.05906869347438559,1.0060759051494246
4.14,1.0650912358755429,0.05901533072611831,1.0060759051494246
4.15,1.065038657333985,0.058962752184560374,1.0060759051494246
4.16,1.0649868588934697,0.05891095374404509,1.0060759051494246
4.17,1.0649358364172932,0.05885993126786859,1.0060759051494246
4.18,1.0648855857331676,0.05880968058374303,1.0060759051494246
4.19,1.0648361026282194,0.058760197478794796,1.0060759051494246
4.2,1.064787382868692,0.058711477719267435,1.0060759051494246
4.21,1.064739422182909,0.05866351703348438,1.0060759051494246
4.22,1.0646922162794705,0.05861631113004595,1.0060759051494246
4.23,1.0646457608440147,0.05856985569459017,1.0060759051494246
4.24,1.0646000515344107,0.05852414638498615,1.0060759051494246
4.25,1.0645550839971682,0.058479178847743674,1.0060759051494246
4.26,1.0645108538553758,0.05843494870595123,1.0060759051494246
4.27,1.064467356721031,0.05839145157160641,1.0060759051494246
4.28,1.0644245881972663,0.05834868304784169,1.0060759051494246
4.29,1.0643825438675163,0.05830663871809172,1.0060759051494246
4.3,1.0643412193165067,0.05826531416708214,1.0060759051494246
4.31,1.0643006101153976,0.058224704965972984,1.0060759051494246
4.32,1.0642607118346568,0.05818480668523218,1.0060759051494246
4.33,1.0642215200370289,0.05814561488760428,1.0060759051494246
4.34,1.064183030289747,0.05810712514032246,1.0060759051494246
4.35,1.0641452381484227,0.05806933299899808,1.0060759051494246
4.36,1.0641081391806535,0.058032234031228924,1.0060759051494246
4.37,1.0640717289443795,0.05799582379495494,1.0060759051494246
4.38,1.0640360030065255,0.05796009785710088,1.0060759051494246
4.39,1.0640009569325446,0.05792505178312002,1.0060759051494246
4.4,1.0639665862930217,0.05789068114359708,1.0060759051494246
4.41,1.0639328866605027,0.0578569815110781,1.0060759051494246
4.42,1.0638998536065636,0.05782394845713901,1.0060759051494246
4.43,1.063867482716192,0.05779157756676745,1.0060759051494246
4.44,1.0638357695672322,0.05775986441780767,1.0060759051494246
4.45,1.0638047097479884,0.05772880459856378,1.0060759051494246
4.46,1.063774298846647,0.057698393697222405,1.0060759051494246
4.47,1.063744532456311,0.05766862730688649,1.0060759051494246
4.48,1.0637154061715566,0.057639501022132,1.0060759051494246
4.49,1.063686915584852,0.05761101043542749,1.0060759051494246
4.5,1.0636590563002137,0.05758315115078916,1.0060759051494246
4.51,1.0636318239133127,0.0575559187638881,1.0060759051494246
4.52,1.0636052140240364,0.05752930887461183,1.0060759051494246
4.53,1.0635792222361986,0.05750331708677403,1.0060759051494246
4.54,1.0635538441459569,0.05747793899653231,1.0060759051494246
4.55,1.0635290753569653,0.057453170207540705,1.0060759051494246
4.56,1.0635049114641506,0.05742900631472603,1.0060759051494246
4.57,1.0634813480633534,0.057405442913928795,1.0060759051494246
4.58,1.0634583807516766,0.05738247560225207,1.0060759051494246
4.59,1.0634360051166913,0.057360099967266764,1.0060759051494246
4.6,1.0634142167517835,0.057338311602358916,1.0060759051494246
4.61,1.0633930112384087,0.057317106088984104,1.0060759051494246
4.62,1.063372384162793,0.05729647901336832,1.0060759051494246
4.63,1.0633523311011608,0.05727642595173621,1.0060759051494246
4.64,1.063332847624989,0.057256942475564454,1.0060759051494246
4.65,1.0633139293113936,0.05723802416196899,1.0060759051494246
4.66,1.0632955717223866,0.05721966657296207,1.0060759051494246
4.67,1.0632777704260925,0.05720186527666793,1.0060759051494246
4.68,1.0632605209810368,0.05718461583161227,1.0060759051494246
4.69,1.0632438189418434,0.05716791379241881,1.0060759051494246
4.7,1.0632276598658346,0.057151754716409986,1.0060759051494246
4.71,1.0632120393020918,0.05713613415266727,1.0060759051494246
4.72,1.0631969527997627,0.0571210476503381,1.0060759051494246
4.73,1.0631823959085929,0.057106490759168294,1.0060759051494246
4.74,1.0631683641731506,0.05709245902372606,1.0060759051494246
4.75,1.0631548531372341,0.05707894798780955,1.0060759051494246
4.76,1.0631418583503975,0.05706595320097296,1.0060759051494246
4.77,1.063129375353719,0.05705347020429441,1.0060759051494246
4.78,1.0631173997003256,0.05704149455090102,1.0060759051494246
4.79,1.0631059269364005,0.057030021786975915,1.0060759051494246
4.8,1.0630949526123197,0.0570190474628951,1.0060759051494246
4.81,1.063084472288164,0.057008567138739474,1.0060759051494246
4.82,1.0630744815222593,0.056998576372834675,1.0060759051494246
4.83,1.0630649758791848,0.05698907072976023,1.0060759051494246
4.84,1.0630559509267603,0.05698004577733573,1.0060759051494246
4.85,1.0630474022458554,0.05697149709643079,1.0060759051494246
4.86,1.0630393254198065,0.056963420270381926,1.0060759051494246
4.87,1.063031716042893,0.05695581089346846,1.0060759051494246
4.88,1.0630245697148855,0.05694866456546088,1.0060759051494246
4.89,1.0630178820442668,0.05694197689484226,1.0060759051494246
4.9,1.063011648656684,0.056935743507259495,1.0060759051494246
4.91,1.0630058651779248,0.05692996002850026,1.0060759051494246
4.92,1.0630005272564906,0.05692462210706606,1.0060759051494246
4.93,1.0629956305441841,0.056919725394759535,1.0060759051494246
4.94,1.0629911707083062,0.0569152655588816,1.0060759051494246
4.95,1.062987143427395,0.0569112382779704,1.0060759051494246
4.96,1.0629835443989397,0.05690763924951514,1.0060759051494246
4.97,1.0629803693280733,0.056904464178648695,1.0060759051494246
4.98,1.0629776139348164,0.0569017087853918,1.0060759051494246
4.99,1.0629752739565521,0.05689936880712754,1.0060759051494246
5.0,1.0629733451456533,0.05689743999622876,1.0060759051494246
5.01,1.0629718232667078,0.05689591811728323,1.0060759051494246
5.02,1.0629707040997043,0.05689479895027971,1.0060759051494246
5.03,1.0629699834454949,0.056894078296070294,1.0060759051494246
5.04,1.062969657114548,0.05689375196512336,1.0060759051494246
5.05,1.0629697209338596,0.056893815784434976,1.0060759051494246
5.06,1.0629701707493588,0.05689426559993427,1.0060759051494246
5.07,1.0629710024227592,0.05689509727333464,1.0060759051494246
5.08,1.0629722118292462,0.056896306679821596,1.0060759051494246
5.09,1.062973794860065,0.05689788971064047,1.0060759051494246
5.1,1.0629757474276282,0.05689984227820366,1.0060759051494246
5.11,1.0629780654551266,0.056902160305702054,1.0060759051494246
5.12,1.0629807448833897,0.056904839733965096,1.0060759051494246
5.13,1.0629837816665395,0.05690787651711493,1.0060759051494246
5.14,1.0629871717832142,0.05691126663378965,1.0060759051494246
5.15,1.0629909112200242,0.05691500607059963,1.0060759051494246
5.16,1.0629949959807354,0.05691909083131086,1.0060759051494246
5.17,1.0629994220897867,0.05692351694036213,1.0060759051494246
5.18,1.0630041855825765,0.0569282804331519,1.0060759051494246
5.19,1.0630092825103248,0.056933377360900206,1.0060759051494246
5.2,1.0630147089431747,0.05693880379375016,1.0060759051494246
5.21,1.0630204609666558,0.056944555817231235,1.0060759051494246
5.22,1.0630265346798649,0.05695062953044028,1.0060759051494246
5.23,1.0630329261977098,0.05695702104828526,1.0060759051494246
5.24,1.0630396316555193,0.056963726506094714,1.0060759051494246
5.25,1.063046647199616,0.05697074205019148,1.0060759051494246
5.26,1.0630539689907785,0.056978063841353954,1.0060759051494246
5.27,1.063061593213912,0.05698568806448745,1.0060759051494246
5.28,1.0630695160618548,0.05699361091243027,1.0060759051494246
5.29,1.0630777337466268,0.057001828597202264,1.0060759051494246
5.3,1.0630862424943366,0.05701033734491201,1.0060759051494246
5.31,1.0630950385541145,0.05701913340468989,1.0060759051494246
5.32,1.0631041181841427,0.05702821303471817,1.0060759051494246
5.33,1.0631134776588744,0.05703757250944985,1.0060759051494246
5.34,1.0631231132777081,0.057047208128283566,1.0060759051494246
5.35,1.063133021348799,0.05705711619937448,1.0060759051494246
5.36,1.0631431982003532,0.057067293050928614,1.0060759051494246
5.37,1.063153640175723,0.057077735026298315,1.0060759051494246
5.38,1.0631643436425533,0.057088438493128724,1.0060759051494246
5.39,1.0631753049784622,0.05709939982903767,1.0060759051494246
5.4,1.0631865205788396,0.05711061542941498,1.0060759051494246
5.41,1.0631979868651278,0.05712208171570321,1.0060759051494246
5.42,1.0632097002689622,0.057133795119537645,1.0060759051494246
5.43,1.0632216572434445,0.05714575209401995,1.0060759051494246
5.44,1.0632338542582216,0.05715794910879701,1.0060759051494246
5.45,1.0632462878088635,0.05717038265943897,1.0060759051494246
5.46,1.0632589544020257,0.05718304925260109,1.0060759051494246
5.47,1.0632718505640448,0.05719594541462025,1.0060759051494246
5.48,1.0632849728478955,0.057209067698470895,1.0060759051494246
5.49,1.0632983178190785,0.05722241266965389,1.0060759051494246
5.5,1.063311882065757,0.05723597691633242,1.0060759051494246
5.51,1.0633256621939462,0.05724975704452162,1.0060759051494246
5.52,1.063339654836623,0.057263749687198384,1.0060759051494246
5.53,1.0633538566395153,0.05727795149009074,1.0060759051494246
5.54,1.0633682642716187,0.0572923591221941,1.0060759051494246
5.55,1.0633828744201739,0.0573069692707493,1.0060759051494246
5.56,1.0633976838003252,0.0573217786509006,1.0060759051494246
5.57,1.063412689141171,0.057336783991746465,1.0060759051494246
5.58,1.06342788719353,0.05735198204410552,1.0060759051494246
5.59,1.0634432747360225,0.05736736958659794,1.0060759051494246
5.6,1.0634588485603034,0.057382943410878795,1.0060759051494246
5.61,1.06347460548015,0.05739870033072547,1.0060759051494246
5.62,1.0634905423377428,0.057414637188318185,1.0060759051494246
5.63,1.0635066559894317,0.05743075084000715,1.0060759051494246
5.64,1.0635229433157196,0.05744703816629504,1.0060759051494246
5.65,1.0635394012165855,0.057463496067160946,1.0060759051494246
5.66,1.06355602662029,0.05748012147086534,1.0060759051494246
5.67,1.0635728164687015,0.05749691131927692,1.0060759051494246
5.68,1.0635897677259551,0.05751386257653057,1.0060759051494246
5.69,1.0636068773845353,0.05753097223511072,1.0060759051494246
5.7,1.063624142451416,0.05754823730199132,1.0060759051494246
5.71,1.0636415599577569,0.05756565480833231,1.0060759051494246
5.72,1.0636591269542277,0.05758322180480313,1.0060759051494246
5.73,1.0636768405196755,0.057600935370250905,1.0060759051494246
5.74,1.0636946977465236,0.05761879259709901,1.0060759051494246
5.75,1.063712695749616,0.057636790600191334,1.0060759051494246
5.76,1.0637308316710306,0.057654926521605976,1.0060759051494246
5.77,1.0637491026682018,0.0576731975187772,1.0060759051494246
5.78,1.063767505922236,0.057691600772811436,1.0060759051494246
5.79,1.0637860386353863,0.05771013348596177,1.0060759051494246
5.8,1.0638046980301534,0.05772879288072885,1.0060759051494246
5.81,1.0638234813529386,0.057747576203514006,1.0060759051494246
5.82,1.0638423858683872,0.05776648071896262,1.0060759051494246
5.83,1.0638614088631162,0.05778550371369162,1.0060759051494246
5.84,1.0638805476447568,0.05780464249533224,1.0060759051494246
5.85,1.0638997995411303,0.057823894391705766,1.0060759051494246
5.86,1.0639191619048114,0.05784325675538682,1.0060759051494246
5.87,1.0639386321055453,0.057862726956120714,1.0060759051494246
5.88,1.0639582075333844,0.05788230238395986,1.0060759051494246
5.89,1.063977885603939,0.057901980454514446,1.0060759051494246
5.9,1.0639976637488846,0.05792175859946003,1.0060759051494246
5.91,1.0640175394225315,0.057941634273106946,1.0060759051494246
5.92,1.0640375100991184,0.057961604949693823,1.0060759051494246
5.93,1.0640575732771067,0.05798166812768213,1.0060759051494246
5.94,1.0640777264715335,0.05800182132210896,1.0060759051494246
5.95,1.0640979672208655,0.058022062071440894,1.0060759051494246
5.96,1.064118293083444,0.0580423879340195,1.0060759051494246
5.97,1.0641387016374613,0.058062796488036694,1.0060759051494246
5.98,1.0641591904826797,0.05808328533325513,1.0060759051494246
5.99,1.064179757238688,0.058103852089263386,1.0060759051494246
6.0,1.0642003995489833,0.05812449439955869,1.0060759051494246
6.01,1.064221115073667,0.058145209924242325,1.0060759051494246
6.02,1.0642419014963433,0.05816599634691877,1.0060759051494246
6.03,1.0642627565200937,0.058186851370669146,1.0060759051494246
6.04,1.0642836778680196,0.05820777271859501,1.0060759051494246
6.05,1.0643046632846127,0.05822875813518813,1.0060759051494246
6.06,1.0643257105341377,0.05824980538471314,1.0060759051494246
6.07,1.064346817404622,0.05827091225519743,1.0060759051494246
6.08,1.0643679816994962,0.058292076550071625,1.0060759051494246
6.09,1.0643892012504246,0.058313296101,1.0060759051494246
6.1,1.0644104739010838,0.05833456875165921,1.0060759051494246
6.11,1.0644317975201054,0.05835589237068084,1.0060759051494246
6.12,1.064453169995903,0.05837726484647843,1.0060759051494246
6.13,1.064474589236199,0.05839868408677451,1.0060759051494246
6.14,1.0644960531741556,0.058420148024731056,1.0060759051494246
6.15,1.0645175597574597,0.058441654608035076,1.0060759051494246
6.16,1.0645391069565866,0.058463201807162024,1.0060759051494246
6.17,1.0645606927620788,0.05848478761265419,1.0060759051494246
6.18,1.064582315183247,0.0585064100338224,1.0060759051494246
6.19,1.0646039722541392,0.05852806710471459,1.0060759051494246
6.2,1.0646256620247656,0.05854975687534103,1.0060759051494246
6.21,1.064647382565348,0.05857147741592339,1.0060759051494246
6.22,1.0646691319716415,0.058593226822216904,1.0060759051494246
6.23,1.0646909083522662,0.05861500320284163,1.0060759051494246
6.24,1.0647127098377076,0.05863680468828303,1.0060759051494246
6.25,1.064734534582543,0.05865862943311839,1.0060759051494246
6.26,1.0647563807565672,0.058680475607142624,1.0060759051494246
6.27,1.064778246551106,0.0587023414016814,1.0060759051494246
6.28,1.064800130177157,0.058724225027732446,1.0060759051494246
6.29,1.0648220298648887,0.05874612471546414,1.0060759051494246
6.3,1.064843943865249,0.05876803871582448,1.0060759051494246
6.31,1.0648658704471932,0.05878996529776859,1.0060759051494246
6.32,1.0648878078995072,0.058811902750082634,1.0060759051494246
6.33,1.0649097545302142,0.058833849380789616,1.0060759051494246
6.34,1.0649317086662382,0.05885580351681363,1.0060759051494246
6.35,1.0649536686555938,0.058877763506169245,1.0060759051494246
6.36,1.064975632863308,0.05889972771388341,1.0060759051494246
6.37,1.0649975996724648,0.05892169452304019,1.0060759051494246
6.38,1.0650195674890084,0.05894366233958381,1.0060759051494246
6.39,1.0650415347331608,0.05896562958373619,1.0060759051494246
6.4,1.0650634998452557,0.05898759469583115,1.0060759051494246
6.41,1.0650854612856706,0.05900955613624603,1.0060759051494246
6.42,1.0651074175323723,0.05903151238294768,1.0060759051494246
6.43,1.0651293670813884,0.05905346193196381,1.0060759051494246
6.44,1.0651513084471362,0.05907540329771166,1.0060759051494246
6.45,1.065173240161068,0.05909733501164349,1.0060759051494246
6.46,1.0651951607757428,0.05911925562631826,1.0060759051494246
6.47,1.0652170688579703,0.05914116370854572,1.0060759051494246
6.48,1.0652389629967853,0.059163057847360756,1.0060759051494246
6.49,1.065260841795497,0.059184936646072384,1.0060759051494246
6.5,1.065282703876595,0.059206798727170495,1.0060759051494246
6.51,1.0653045478799226,0.05922864273049799,1.0060759051494246
6.52,1.0653263724614601,0.05925046731203554,1.0060759051494246
6.53,1.065348176298224,0.059272271148799405,1.0060759051494246
6.54,1.0653699580812563,0.059294052931831764,1.0060759051494246
6.55,1.0653917165201454,0.05931581137072084,1.0060759051494246
6.56,1.0654134503416188,0.05933754519219425,1.0060759051494246
6.57,1.0654351582891075,0.05935925313968293,1.0060759051494246
6.58,1.0654568391238264,0.059380933974401806,1.0060759051494246
6.59,1.0654784916218527,0.05940258647242813,1.0060759051494246
6.6,1.0655001145795566,0.05942420943013205,1.0060759051494246
6.61,1.0655217068068852,0.059445801657460606,1.0060759051494246
6.62,1.0655432671315916,0.059467361982167066,1.0060759051494246
6.63,1.0655647943979605,0.0594888892485359,1.0060759051494246
6.64,1.065586287465449,0.059510382316024346,1.0060759051494246
6.65,1.0656077452140422,0.05953184006461765,1.0060759051494246
6.66,1.0656291665342539,0.059553261384829304,1.0060759051494246
6.67,1.0656505503359497,0.05957464518652511,1.0060759051494246
6.68,1.065671895544464,0.05959599039503938,1.0060759051494246
6.69,1.0656932011007592,0.05961729595133458,1.0060759051494246
6.7,1.0657144659636177,0.059638560814193164,1.0060759051494246
6.71,1.065735689105182,0.05965978395575733,1.0060759051494246
6.72,1.065756869513339,0.05968096436391446,1.0060759051494246
6.73,1.0657780061936077,0.059702101044183165,1.0060759051494246
6.74,1.0657990981648613,0.059723193015436715,1.0060759051494246
6.75,1.0658201444623523,0.059744239312927716,1.0060759051494246
6.76,1.0658411441363778,0.059765238986953184,1.0060759051494246
6.77,1.0658620962531573,0.05978619110373273,1.0060759051494246
6.78,1.0658829998932677,0.05980709474384316,1.0060759051494246
6.79,1.0659038541516999,0.05982794900227528,1.0060759051494246
6.8,1.0659246581400703,0.05984875299064574,1.0060759051494246
6.81,1.0659454109829678,0.059869505833543224,1.0060759051494246
6.82,1.0659661118205561,0.05989020667113154,1.0060759051494246
6.83,1.0659867598073944,0.05991085465796986,1.0060759051494246
6.84,1.0660073541132102,0.05993144896378566,1.0060759051494246
6.85,1.0660278939209704,0.05995198877154584,1.0060759051494246
6.86,1.0660483784293542,0.059972473279929606,1.0060759051494246
6.87,1.0660688068496578,0.05999290170023319,1.0060759051494246
6.88,1.0660891784077975,0.06001327325837291,1.0060759051494246
6.89,1.066109492343218,0.06003358719379337,1.0060759051494246
6.9,1.0661297479112808,0.06005384276185621,1.0060759051494246
6.91,1.0661499443789384,0.06007403922951382,1.0060759051494246
6.92,1.0661700810269836,0.06009417587755905,1.0060759051494246
6.93,1.0661901571512649,0.060114252001840285,1.0060759051494246
6.94,1.0662101720593187,0.060134266909894096,1.0060759051494246
6.95,1.066230125072596,0.06015421992317149,1.0060759051494246
6.96,1.0662500155253145,0.06017411037588993,1.0060759051494246
6.97,1.066269842766709,0.06019393761728442,1.0060759051494246
6.98,1.0662896061570675,0.060213701007642895,1.0060759051494246
6.99,1.0663093050692818,0.06023339991985721,1.0060759051494246
7.0,1.0663289388922867,0.06025303374286217,1.0060759051494246
7.01,1.0663485070232548,0.06027260187383021,1.0060759051494246
7.02,1.0663680088744314,0.06029210372500682,1.0060759051494246
7.03,1.0663874438694654,0.0603115387200408,1.0060759051494246
7.04,1.0664068114462113,0.060330906296786724,1.0060759051494246
7.05,1.066426111053052,0.060350205903627385,1.0060759051494246
7.06,1.0664453421509723,0.06036943700154773,1.0060759051494246
7.07,1.0664645042130718,0.06038859906364724,1.0060759051494246
7.08,1.0664835967243826,0.06040769157495807,1.0060759051494246
7.09,1.066502619181611,0.06042671403218636,1.0060759051494246
7.1,1.066521571092692,0.0604456659432675,1.0060759051494246
7.11,1.0665404519788875,0.060464546829462895,1.0060759051494246
7.12,1.0665592613713624,0.06048335622193779,1.0060759051494246
7.13,1.0665779988124748,0.06050209366305026,1.0060759051494246
7.14,1.0665966638586761,0.060520758709251554,1.0060759051494246
7.15,1.066615256073692,0.06053935092426732,1.0060759051494246
7.16,1.066633775034105,0.06055786988468048,1.0060759051494246
7.17,1.0666522203284992,0.06057631517907458,1.0060759051494246
7.18,1.066670591554946,0.06059468640552135,1.0060759051494246
7.19,1.066688888322786,0.0606129831733615,1.0060759051494246
7.2,1.0667071102521803,0.06063120510275577,1.0060759051494246
7.21,1.0667252569738035,0.060649351824378916,1.0060759051494246
7.22,1.0667433281286243,0.06066742297919969,1.0060759051494246
7.23,1.0667613233676658,0.06068541821824125,1.0060759051494246
7.24,1.0667792423535176,0.060703337204093044,1.0060759051494246
7.25,1.0667970847576282,0.06072117960820367,1.0060759051494246
7.26,1.066814850262003,0.06073894511257838,1.0060759051494246
7.27,1.0668325385589117,0.060756633409487115,1.0060759051494246
7.28,1.0668501493500808,0.06077424420065625,1.0060759051494246
7.29,1.066867682347365,0.06079177719794049,1.0060759051494246
7.3,1.0668851372716355,0.0608092321222109,1.0060759051494246
7.31,1.0669025138545334,0.06082660870510881,1.0060759051494246
7.32,1.0669198118359993,0.06084390668657469,1.0060759051494246
7.33,1.0669370309659714,0.06086112581654679,1.0060759051494246
7.34,1.0669541710037265,0.060878265854301894,1.0060759051494246
7.35,1.066971231717679,0.06089532656825436,1.0060759051494246
7.36,1.06698821288521,0.060912307735785376,1.0060759051494246
7.37,1.0670051142925243,0.06092920914309974,1.0060759051494246
7.38,1.0670219357353763,0.060946030585951716,1.0060759051494246
7.39,1.0670386770175693,0.060962771868144694,1.0060759051494246
7.4,1.0670553379517393,0.06097943280231477,1.0060759051494246
7.41,1.0670719183605153,0.060996013211090716,1.0060759051494246
7.42,1.0670884180730695,0.06101251292364496,1.0060759051494246
7.43,1.0671048369278855,0.061028931778460915,1.0060759051494246
7.44,1.0671211747724485,0.06104526962302392,1.0060759051494246
7.45,1.0671374314611526,0.06106152631172801,1.0060759051494246
7.46,1.0671536068572915,0.06107770170786697,1.0060759051494246
7.47,1.0671697008317889,0.06109379568236428,1.0060759051494246
7.48,1.0671857132649378,0.06110980811551325,1.0060759051494246
7.49,1.0672016440430876,0.06112573889366302,1.0060759051494246
7.5,1.0672174930608702,0.06114158791144564,1.0060759051494246
7.51,1.067233260222096,0.06115735507267139,1.0060759051494246
7.52,1.0672489454356997,0.06117304028627513,1.0060759051494246
7.53,1.0672645486196386,0.06118864347021402,1.0060759051494246
7.54,1.067280069698604,0.06120416454917943,1.0060759051494246
7.55,1.0672955086059794,0.06121960345655486,1.0060759051494246
7.56,1.0673108652806857,0.061234960131261174,1.0060759051494246
7.57,1.067326139669285,0.06125023451986045,1.0060759051494246
7.58,1.0673413317267335,0.061265426577308935,1.0060759051494246
7.59,1.0673564414126446,0.06128053626322005,1.0060759051494246
7.6,1.0673714686949514,0.06129556354552679,1.0060759051494246
7.61,1.0673864135479378,0.061310508398513264,1.0060759051494246
7.62,1.067401275953038,0.061325370803613444,1.0060759051494246
7.63,1.0674160558978019,0.06134015074837729,1.0060759051494246
7.64,1.0674307533763265,0.06135484822690196,1.0060759051494246
7.65,1.067445368390283,0.061369463240858346,1.0060759051494246
7.66,1.0674599009456367,0.06138399579621212,1.0060759051494246
7.67,1.0674743510557674,0.0613984459063428,1.0060759051494246
7.68,1.0674887187406759,0.06141281359125128,1.0060759051494246
7.69,1.067503004025545,0.06142709887612052,1.0060759051494246
7.7,1.0675172069420709,0.061441301792646286,1.0060759051494246
7.71,1.0675313275280922,0.061455422378667635,1.0060759051494246
7.72,1.0675453658265934,0.06146946067716885,1.0060759051494246
7.73,1.0675593218869812,0.06148341673755664,1.0060759051494246
7.74,1.0675731957639083,0.061497290614483724,1.0060759051494246
7.75,1.0675869875179813,0.061511082368556735,1.0060759051494246
7.76,1.0676006972149903,0.061524792065565714,1.0060759051494246
7.77,1.0676143249262346,0.06153841977681007,1.0060759051494246
7.78,1.0676278707292444,0.06155196557981979,1.0060759051494246
7.79,1.067641334705366,0.06156542955594135,1.0060759051494246
7.8,1.0676547169421249,0.061578811792700305,1.0060759051494246
7.81,1.067668017531811,0.06159211238238638,1.0060759051494246
7.82,1.0676812365720596,0.061605331422635023,1.0060759051494246
7.83,1.0676943741651173,0.06161846901569268,1.0060759051494246
7.84,1.0677074304182546,0.06163152526882998,1.0060759051494246
7.85,1.0677204054442644,0.06164450029483981,1.0060759051494246
7.86,1.0677332993594986,0.06165739421007399,1.0060759051494246
7.87,1.0677461122856575,0.061670207136232946,1.0060759051494246
7.88,1.0677588443494042,0.06168293919997958,1.0060759051494246
7.89,1.0677714956809108,0.06169559053148621,1.0060759051494246
7.9,1.0677840664155407,0.06170816126611611,1.0060759051494246
7.91,1.0677965566931105,0.06172065154368589,1.0060759051494246
7.92,1.0678089666571122,0.06173306150768765,1.0060759051494246
7.93,1.0678212964561193,0.061745391306694764,1.0060759051494246
7.94,1.0678335462422783,0.061757641092853754,1.0060759051494246
7.95,1.0678457161725285,0.06176981102310397,1.0060759051494246
7.96,1.0678578064066655,0.06178190125724092,1.0060759051494246
7.97,1.0678698171093624,0.061793911959937775,1.0060759051494246
7.98,1.0678817484491083,0.06180584329968375,1.0060759051494246
7.99,1.0678936005976847,0.0618176954482601,1.0060759051494246
8.0,1.0679053737314075,0.061829468581982905,1.0060759051494246
8.01,1.0679170680301153,0.06184116288069075,1.0060759051494246
8.02,1.0679286836765607,0.06185277852713611,1.0060759051494246
8.03,1.0679402208578122,0.061864315708387574,1.0060759051494246
8.04,1.0679516797641662,0.061875774614741585,1.0060759051494246
8.05,1.067963060589395,0.061887155439970476,1.0060759051494246
8.06,1.067974363530586,0.06189845838116148,1.0060759051494246
8.07,1.0679855887881784,0.06190968363875382,1.0060759051494246
8.08,1.0679967365661944,0.06192083141676985,1.0060759051494246
8.09,1.0680078070709862,0.061931901921561616,1.0060759051494246
8.1,1.0680188005127809,0.06194289536335629,1.0060759051494246
8.11,1.0680297171044872,0.061953811955062665,1.0060759051494246
8.12,1.0680405570624156,0.06196465191299105,1.0060759051494246
8.13,1.0680513206051894,0.06197541545576479,1.0060759051494246
8.14,1.0680620079547776,0.061986102805352994,1.0060759051494246
8.15,1.0680726193361418,0.06199671418671726,1.0060759051494246
8.16,1.0680831549762,0.06200724982677541,1.0060759051494246
8.17,1.068093615105327,0.0620177099559025,1.0060759051494246
8.18,1.068103999956281,0.06202809480685634,1.0060759051494246
8.19,1.068114309764241,0.062038404614816356,1.0060759051494246
8.2,1.068124544767109,0.062048639617684476,1.0060759051494246
8.21,1.0681347052052481,0.06205880005582354,1.0060759051494246
8.22,1.0681447913216553,0.06206888617223072,1.0060759051494246
8.23,1.0681548033610142,0.06207889821158963,1.0060759051494246
8.24,1.0681647415709024,0.06208883642147778,1.0060759051494246
8.25,1.0681746062010267,0.06209870105160209,1.0060759051494246
8.26,1.0681843975030654,0.0621084923536408,1.0060759051494246
8.27,1.0681941157310486,0.062118210581624034,1.0060759051494246
8.28,1.0682037611410728,0.06212785599164827,1.0060759051494246
8.29,1.0682133339915167,0.06213742884209217,1.0060759051494246
8.3,1.068222834542076,0.06214692939265132,1.0060759051494246
8.31,1.0682322630549168,0.06215635790549223,1.0060759051494246
8.32,1.068241619794217,0.06216571464479248,1.0060759051494246
8.33,1.068250905025291,0.0621749998758665,1.0060759051494246
8.34,1.068260119015827,0.06218421386640238,1.0060759051494246
8.35,1.0682692620351237,0.06219335688569916,1.0060759051494246
8.36,1.0682783343543962,0.062202429204971654,1.0060759051494246
8.37,1.0682873362458707,0.06221143109644611,1.0060759051494246
8.38,1.0682962679838819,0.06222036283445731,1.0060759051494246
8.39,1.0683051298443333,0.06222922469490877,1.0060759051494246
8.4,1.0683139221041158,0.06223801695469122,1.0060759051494246
8.41,1.0683226450421726,0.06224673989274798,1.0060759051494246
8.42,1.068331298938394,0.06225539378896938,1.0060759051494246
8.43,1.0683398840743308,0.062263978924906205,1.0060759051494246
8.44,1.0683484007330815,0.062272495583656884,1.0060759051494246
8.45,1.0683568491981745,0.06228094404874995,1.0060759051494246
8.46,1.068365229755155,0.062289324605730334,1.0060759051494246
8.47,1.0683735426905807,0.06229763754115614,1.0060759051494246
8.48,1.0683817882917983,0.06230588314237373,1.0060759051494246
8.49,1.0683899668478682,0.06231406169844367,1.0060759051494246
8.5,1.068398078648125,0.062322173498700506,1.0060759051494246
8.51,1.068406123983705,0.06233021883428047,1.0060759051494246
8.52,1.0684141031463406,0.06233819799691598,1.0060759051494246
8.53,1.0684220164289935,0.062346111279568905,1.0060759051494246
8.54,1.068429864124841,0.06235395897541651,1.0060759051494246
8.55,1.0684376465286363,0.06236174137921169,1.0060759051494246
8.56,1.0684453639355993,0.062369458786174725,1.0060759051494246
8.57,1.068453016641817,0.062377111492392334,1.0060759051494246
8.58,1.068460604944446,0.06238469979502148,1.0060759051494246
8.59,1.0684681291406295,0.06239222399120492,1.0060759051494246
8.6,1.0684755895288334,0.06239968437940879,1.0060759051494246
8.61,1.0684829864080092,0.06240708125858463,1.0060759051494246
8.62,1.0684903200774039,0.06241441492797928,1.0060759051494246
8.63,1.0684975908372474,0.0624216856878228,1.0060759051494246
8.64,1.0685047989879333,0.06242889383850869,1.0060759051494246
8.65,1.0685119448306621,0.062436039681237565,1.0060759051494246
8.66,1.0685190286672412,0.06244312351781667,1.0060759051494246
8.67,1.068526050799165,0.062450145649740385,1.0060759051494246
8.68,1.0685330115290532,0.062457106379628646,1.0060759051494246
8.69,1.0685399111597487,0.06246400601032409,1.0060759051494246
8.7,1.0685467499940229,0.062470844844598306,1.0060759051494246
8.71,1.0685535283356031,0.062477623186178555,1.0060759051494246
8.72,1.068560246487692,0.06248434133826741,1.0060759051494246
8.73,1.0685669047544564,0.062490999605031794,1.0060759051494246
8.74,1.068573503440069,0.062497598290644385,1.0060759051494246
8.75,1.0685800428486496,0.06250413769922503,1.0060759051494246
8.76,1.0685865232845297,0.06251061813510517,1.0060759051494246
8.77,1.068592945052305,0.06251703990288049,1.0060759051494246
8.78,1.0685993084567813,0.06252340330735673,1.0060759051494246
8.79,1.0686056138023134,0.06252970865288887,1.0060759051494246
8.8,1.0686118613940079,0.0625359562445833,1.0060759051494246
8.81,1.0686180515361776,0.06254214638675304,1.0060759051494246
8.82,1.0686241845337257,0.06254827938430108,1.0060759051494246
8.83,1.0686302606914337,0.06255435554200917,1.0060759051494246
8.84,1.0686362803135636,0.06256037516413904,1.0060759051494246
8.85,1.068642243704892,0.06256633855546734,1.0060759051494246
8.86,1.0686481511695005,0.06257224602007594,1.0060759051494246
8.87,1.0686540030117204,0.06257809786229585,1.0060759051494246
8.88,1.0686597995358127,0.06258389438638812,1.0060759051494246
8.89,1.068665541045186,0.06258963589576139,1.0060759051494246
8.9,1.0686712278437747,0.06259532269435009,1.0060759051494246
8.91,1.068676860234637,0.06260095508521246,1.0060759051494246
8.92,1.0686824385209706,0.06260653337154598,1.0060759051494246
8.93,1.0686879630057733,0.06261205785634871,1.0060759051494246
8.94,1.0686934339911485,0.06261752884172389,1.0060759051494246
8.95,1.068698851779563,0.06262294663013845,1.0060759051494246
8.96,1.0687042166725915,0.06262831152316695,1.0060759051494246
8.97,1.068709528971611,0.06263362382218651,1.0060759051494246
8.98,1.0687147889778041,0.06263888382837957,1.0060759051494246
8.99,1.0687199969914272,0.06264409184200259,1.0060759051494246
9.0,1.068725153312948,0.06264924816352346,1.0060759051494246
9.01,1.068730258241621,0.06265435309219636,1.0060759051494246
9.02,1.0687353120768572,0.06265940692743266,1.0060759051494246
9.03,1.068740315117506,0.06266440996808131,1.0060759051494246
9.04,1.0687452676613216,0.06266936251189703,1.0060759051494246
9.05,1.0687501700061752,0.06267426485675065,1.0060759051494246
9.06,1.0687550224490212,0.06267911729959663,1.0060759051494246
9.07,1.0687598252862605,0.06268392013683588,1.0060759051494246
9.08,1.0687645788139941,0.06268867366456954,1.0060759051494246
9.09,1.0687692833271998,0.0626933781777752,1.0060759051494246
9.1,1.0687739391208118,0.06269803397138718,1.0060759051494246
9.11,1.068778546488586,0.06270264133916137,1.0060759051494246
9.12,1.0687831057239028,0.0627072005744782,1.0060759051494246
9.13,1.0687876171195956,0.062711711970171,1.0060759051494246
9.14,1.0687920809673335,0.06271617581790889,1.0060759051494246
9.15,1.0687964975586222,0.06272059240919758,1.0060759051494246
9.16,1.068800867183856,0.06272496203443145,1.0060759051494246
9.17,1.0688051901328177,0.06272928498339314,1.0060759051494246
9.18,1.0688094666948067,0.06273356154538212,1.0060759051494246
9.19,1.0688136971577191,0.06273779200829455,1.0060759051494246
9.2,1.0688178818093286,0.062741976659904,1.0060759051494246
9.21,1.06882202093621,0.06274611578678546,1.0060759051494246
9.22,1.0688261148242382,0.0627502096748136,1.0060759051494246
9.23,1.0688301637586743,0.06275425860924977,1.0060759051494246
9.24,1.0688341680235147,0.06275826287409014,1.0060759051494246
9.25,1.0688381279023402,0.06276222275291565,1.0060759051494246
9.26,1.0688420436777613,0.06276613852833668,1.0060759051494246
9.27,1.0688459156312167,0.0627700104817921,1.0060759051494246
9.28,1.068849744043763,0.06277383889433841,1.0060759051494246
9.29,1.0688535291950425,0.06277762404561793,1.0060759051494246
9.3,1.0688572713643048,0.06278136621488017,1.0060759051494246
9.31,1.0688609708294912,0.06278506568006659,1.0060759051494246
9.32,1.0688646278677796,0.062788722718355,1.0060759051494246
9.33,1.0688682427556555,0.06279233760623093,1.0060759051494246
9.34,1.0688718157680446,0.06279591061862,1.0060759051494246
9.35,1.0688753471794807,0.06279944203005616,1.0060759051494246
9.36,1.0688788372634492,0.06280293211402466,1.0060759051494246
9.37,1.06888228629211,0.06280638114268533,1.0060759051494246
9.38,1.068885694537207,0.06280978938778237,1.0060759051494246
9.39,1.0688890622688425,0.06281315711941793,1.0060759051494246
9.4,1.0688923897567069,0.06281648460728229,1.0060759051494246
9.41,1.0688956772692546,0.06281977211983003,1.0060759051494246
9.42,1.068898925073719,0.06282301992429451,1.0060759051494246
9.43,1.0689021334367443,0.06282622828731976,1.0060759051494246
9.44,1.0689053026234558,0.06282939747403127,1.0060759051494246
9.45,1.068908432898337,0.06283252774891235,1.0060759051494246
9.46,1.0689115245248848,0.06283561937546023,1.0060759051494246
9.47,1.068914577765005,0.06283867261558052,1.0060759051494246
9.48,1.068917592880242,0.06284168773081733,1.0060759051494246
9.49,1.068920570130396,0.06284466498097152,1.0060759051494246
9.5,1.0689235097747078,0.06284760462528327,1.0060759051494246
9.51,1.0689264120712874,0.06285050692186278,1.0060759051494246
9.52,1.0689292772768202,0.06285337212739561,1.0060759051494246
9.53,1.0689321056473329,0.0628562004979083,1.0060759051494246
9.54,1.068934897437556,0.06285899228813152,1.0060759051494246
9.55,1.068937652901003,0.06286174775157849,1.0060759051494246
9.56,1.0689403722904685,0.06286446714104388,1.0060759051494246
9.57,1.0689430558571036,0.06286715070767901,1.0060759051494246
9.58,1.0689457038515404,0.06286979870211584,1.0060759051494246
9.59,1.0689483165226537,0.06287241137322908,1.0060759051494246
9.6,1.0689508941187933,0.06287498896936872,1.0060759051494246
9.61,1.0689534368871085,0.06287753173768396,1.0060759051494246
9.62,1.0689559450731212,0.06288003992369662,1.0060759051494246
9.63,1.068958418921858,0.06288251377243337,1.0060759051494246
9.64,1.0689608586766826,0.06288495352725798,1.0060759051494246
9.65,1.0689632645801534,0.06288735943072887,1.0060759051494246
9.66,1.068965636873772,0.06288973172434753,1.0060759051494246
9.67,1.0689679757974477,0.06289207064802316,1.0060759051494246
9.68,1.0689702815904667,0.06289437644104212,1.0060759051494246
9.69,1.068972554490689,0.06289664934126438,1.0060759051494246
9.7,1.0689747947347783,0.06289888958535372,1.0060759051494246
9.71,1.0689770025585603,0.06290109740913574,1.0060759051494246
9.72,1.0689791781962135,0.06290327304678889,1.0060759051494246
9.73,1.0689813218813402,0.06290541673191563,1.0060759051494246
9.74,1.0689834338457422,0.06290752869631766,1.0060759051494246
9.75,1.0689855143206697,0.0629096091712451,1.0060759051494246
9.76,1.068987563535997,0.06291165838657253,1.0060759051494246
9.77,1.0689895817204045,0.0629136765709799,1.0060759051494246
9.78,1.0689915691013838,0.06291566395195924,1.0060759051494246
9.79,1.068993525905156,0.06291762075573137,1.0060759051494246
9.8,1.068995452357186,0.0629195472077615,1.0060759051494246
9.81,1.06899734868116,0.06292144353173534,1.0060759051494246
9.82,1.0689992151002279,0.06292330995080331,1.0060759051494246
9.83,1.0690010518362443,0.0629251466868197,1.0060759051494246
9.84,1.0690028591094571,0.06292695396003256,1.0060759051494246
9.85,1.0690046371395154,0.06292873199009086,1.0060759051494246
9.86,1.0690063861444763,0.06293048099505172,1.0060759051494246
9.87,1.0690081063414505,0.06293220119202592,1.0060759051494246
9.88,1.069009797946512,0.0629338927970875,1.0060759051494246
9.89,1.0690114611741615,0.06293555602473688,1.0060759051494246
9.9,1.0690130962382849,0.06293719108886031,1.0060759051494246
9.91,1.0690147033510657,0.06293879820164117,1.0060759051494246
9.92,1.069016282723891,0.06294037757446636,1.0060759051494246
9.93,1.0690178345669936,0.06294192941756904,1.0060759051494246
9.94,1.0690193590890722,0.06294345393964762,1.0060759051494246
9.95,1.0690208564980879,0.06294495134866329,1.0060759051494246
9.96,1.0690223270008508,0.06294642185142618,1.0060759051494246
9.97,1.0690237708025907,0.06294786565316612,1.0060759051494246
9.98,1.0690251881078952,0.06294928295847058,1.0060759051494246
9.99,1.069026579119881,0.0629506739704564,1.0060759051494246
10.0,1.0690279440409516,0.062952038891527,1.0060759051494246
